film_title,year,letterboxd_uri,film_rating,director
2001: A Space Odyssey,1968,https://boxd.it/2bf0,5,Stanley Kubrick
"4 Months, 3 Weeks and 2 Days",2007,https://boxd.it/27DW,5,Cristian Mungiu
A Clockwork Orange,1971,https://boxd.it/2aVE,5,Stanley Kubrick
Akira,1988,https://boxd.it/2b1i,5,Katsuhiro Otomo
Ali: Fear Eats the Soul,1974,https://boxd.it/2aRi,5,Rainer Werner Fassbinder
Apocalypse Now,1979,https://boxd.it/6ZS,5,Francis Ford Coppola
Au Hasard Balthazar,1966,https://boxd.it/1E3g,5,Robert Bresson
Barry Lyndon,1975,https://boxd.it/25A2,5,Stanley Kubrick
Being John Malkovich,1999,https://boxd.it/2ahu,5,Spike Jonze
Bicycle Thieves,1948,https://boxd.it/23hW,5,Vittorio De Sica
Blue Velvet,1986,https://boxd.it/29BI,5,David Lynch
C.R.A.Z.Y.,2005,https://boxd.it/1TSI,5,Jean-Marc Vallée
Capote,2005,https://boxd.it/2atq,5,Bennett Miller
Chungking Express,1994,https://boxd.it/1UDa,5,Wong Kar-Wai
City of God,2002,https://boxd.it/2a2a,5,Fernando Meirelles
Dead Ringers,1988,https://boxd.it/1Yqk,5,David Cronenberg
Eat Drink Man Woman,1994,https://boxd.it/1Wem,5,Ang Lee
Eternal Sunshine of the Spotless Mind,2004,https://boxd.it/6YK,5,Michel Gondry
Exotica,1994,https://boxd.it/1DXW,5,Atom Egoyan
Eyes Wide Shut,1999,https://boxd.it/2axs,5,Stanley Kubrick
Fight Club,1999,https://boxd.it/2a9q,5,David Fincher
Full Metal Jacket,1987,https://boxd.it/2a1Q,5,Stanley Kubrick
"Germany, Year Zero",1948,https://boxd.it/20FG,5,Roberto Rossellini
Hannah and Her Sisters,1986,https://boxd.it/23jy,5,Woody Allen
High and Low,1963,https://boxd.it/1RSc,5,Akira Kurosawa
Hiroshima Mon Amour,1959,https://boxd.it/22WY,5,Alain Resnais
Ikiru,1952,https://boxd.it/251c,5,Akira Kurosawa
In the Mood for Love,2000,https://boxd.it/29tE,5,Wong Kar-Wai
Insomnia,1997,https://boxd.it/1txk,5,Erik Skjoldbjærg
Last Year at Marienbad,1961,https://boxd.it/24Qe,5,Alain Resnais
Late Spring,1949,https://boxd.it/1DkK,5,Yasujirō Ozu
Le Samouraï,1967,https://boxd.it/22ZI,5,Jean-Pierre Melville
Mad Max: Fury Road,2015,https://boxd.it/2DjO,5,George Miller
Man on Wire,2008,https://boxd.it/1ORK,5,James Marsh
Mon Oncle,1958,https://boxd.it/2apy,5,Jacques Tati
Monsieur Hulot's Holiday,1953,https://boxd.it/29E8,5,Jacques Tati
Mouchette,1967,https://boxd.it/28Bs,5,Robert Bresson
My Dinner with Andre,1981,https://boxd.it/1vLe,5,Louis Malle
Night and Fog,1956,https://boxd.it/29A6,5,Alain Resnais
Oldboy,2003,https://boxd.it/29R2,5,Park Chan-wook
One Flew Over the Cuckoo's Nest,1975,https://boxd.it/2aeA,5,Miloš Forman
PlayTime,1967,https://boxd.it/1WLK,5,Jacques Tati
Psycho,1960,https://boxd.it/2ab2,5,Alfred Hitchcock
Pulp Fiction,1994,https://boxd.it/29Pq,5,Quentin Tarantino
Punch-Drunk Love,2002,https://boxd.it/20E4,5,Paul Thomas Anderson
Ran,1985,https://boxd.it/1Tlu,5,Akira Kurosawa
Rashomon,1950,https://boxd.it/2a9K,5,Akira Kurosawa
Red Beard,1965,https://boxd.it/251m,5,Akira Kurosawa
Seven Samurai,1954,https://boxd.it/2axi,5,Akira Kurosawa
Silver Linings Playbook,2012,https://boxd.it/2TTo,5,David O. Russell
Spider-Man: Into the Spider-Verse,2018,https://boxd.it/azpY,5,"Bob Persichetti, Peter Ramsey, Rodney Rothman"
Spirited Away,2001,https://boxd.it/2b4m,5,Hayao Miyazaki
Stray Dog,1949,https://boxd.it/1ltu,5,Akira Kurosawa
Sympathy for Mr. Vengeance,2002,https://boxd.it/23WU,5,Park Chan-wook
Taste of Cherry,1997,https://boxd.it/1m8W,5,Abbas Kiarostami
The Big Lebowski,1998,https://boxd.it/2b6C,5,Joel Coen
The Curious Case of Benjamin Button,2008,https://boxd.it/23Fk,5,David Fincher
"The Devil, Probably",1977,https://boxd.it/1hJe,5,Robert Bresson
The Fisher King,1991,https://boxd.it/2aWM,5,Terry Gilliam
The Fly,1986,https://boxd.it/1YIe,5,David Cronenberg
The Mother and the Whore,1973,https://boxd.it/HQe,5,Jean Eustache
The Piano Teacher,2001,https://boxd.it/2886,5,Michael Haneke
The Shining,1980,https://boxd.it/29Nu,5,Stanley Kubrick
The Vanishing,1988,https://boxd.it/1ZTW,5,George Sluizer
The Wages of Fear,1953,https://boxd.it/2aSK,5,Henri-Georges Clouzot
The Worst Person in the World,2021,https://boxd.it/oyws,5,Joachim Trier
Three Colours: Red,1994,https://boxd.it/2b7q,5,Krzysztof Kieślowski
Tokyo Story,1953,https://boxd.it/1HuY,5,Yasujirō Ozu
True Romance,1993,https://boxd.it/2aBa,5,Tony Scott
Umberto D.,1952,https://boxd.it/29vg,5,Vittorio De Sica
Whiplash,2014,https://boxd.it/7bQA,5,Damien Chazelle
Wild Strawberries,1957,https://boxd.it/29ZU,5,Ingmar Bergman
A Fish Called Wanda,1988,https://boxd.it/29YC,4.5,Charles Crichton
A History of Violence,2005,https://boxd.it/2bfa,4.5,David Cronenberg
A Man Escaped,1956,https://boxd.it/1MzY,4.5,Robert Bresson
About Schmidt,2002,https://boxd.it/26mU,4.5,Alexander Payne
After Life,1998,https://boxd.it/1HMI,4.5,Hirokazu Kore-eda
Aladdin,1992,https://boxd.it/29yE,4.5,"Ron Clements, John Musker"
Alien,1979,https://boxd.it/2awY,4.5,Ridley Scott
Amadeus,1984,https://boxd.it/2aH8,4.5,Miloš Forman
American History X,1998,https://boxd.it/2bdo,4.5,Tony Kaye
Back to the Future,1985,https://boxd.it/2b8e,4.5,Robert Zemeckis
Ballad of a Soldier,1959,https://boxd.it/MPq,4.5,Grigoriy Chukhray
Baraka,1992,https://boxd.it/1OWA,4.5,Ron Fricke
Battle Royale,2000,https://boxd.it/25zS,4.5,Kinji Fukasaku
Beauty and the Beast,1991,https://boxd.it/1XhG,4.5,"Gary Trousdale, Kirk Wise"
Betty Blue,1986,https://boxd.it/1SBw,4.5,Jean-Jacques Beineix
Black Panther: Wakanda Forever,2022,https://boxd.it/igPu,4.5,Ryan Coogler
Blade Runner,1982,https://boxd.it/2bcA,4.5,Ridley Scott
Breaking the Waves,1996,https://boxd.it/2b1W,4.5,Lars von Trier
Bring Me the Head of Alfredo Garcia,1974,https://boxd.it/1SIs,4.5,Sam Peckinpah
Crash,1996,https://boxd.it/29n2,4.5,David Cronenberg
Cure,1997,https://boxd.it/1blA,4.5,Kiyoshi Kurosawa
Dead or Alive,1999,https://boxd.it/1U9u,4.5,Takashi Miike
Death Proof,2007,https://boxd.it/27GG,4.5,Quentin Tarantino
Dersu Uzala,1975,https://boxd.it/1XRO,4.5,Akira Kurosawa
Diary of a Country Priest,1951,https://boxd.it/UDC,4.5,Robert Bresson
Django Unchained,2012,https://boxd.it/2cCk,4.5,Quentin Tarantino
Dodes'ka-den,1970,https://boxd.it/1fVs,4.5,Akira Kurosawa
Dr. Strangelove or: How I Learned to Stop Worrying and Love the Bomb,1964,https://boxd.it/29eY,4.5,Stanley Kubrick
Dreams,1990,https://boxd.it/1ROu,4.5,Akira Kurosawa
Drive My Car,2021,https://boxd.it/sv94,4.5,Ryusuke Hamaguchi
Early Summer,1951,https://boxd.it/E4G,4.5,Yasujirō Ozu
Election,1999,https://boxd.it/1YEc,4.5,Alexander Payne
Elf,2003,https://boxd.it/1VyK,4.5,Jon Favreau
Everything Everywhere All at Once,2022,https://boxd.it/jUk4,4.5,"Daniel Scheinert, Daniel Kwan"
F for Fake,1973,https://boxd.it/VxA,4.5,Orson Welles
Face/Off,1997,https://boxd.it/29I0,4.5,John Woo
Fat Choi Spirit,2002,https://boxd.it/gpK,4.5,"Johnnie To, Wai Ka-Fai"
Finding Nemo,2003,https://boxd.it/72i,4.5,Andrew Stanton
Fish Tank,2009,https://boxd.it/1xBg,4.5,Andrea Arnold
Force Majeure,2014,https://boxd.it/7UcA,4.5,Ruben Östlund
Ghost World,2001,https://boxd.it/28Dy,4.5,Terry Zwigoff
Good Morning,1959,https://boxd.it/2lkk,4.5,Yasujirō Ozu
Hearts and Minds,1974,https://boxd.it/WSE,4.5,Peter Davis
Her,2013,https://boxd.it/4O24,4.5,Spike Jonze
Ichi the Killer,2001,https://boxd.it/1Y1O,4.5,Takashi Miike
In the Name of the Father,1993,https://boxd.it/20I6,4.5,Jim Sheridan
Inglourious Basterds,2009,https://boxd.it/1JzG,4.5,Quentin Tarantino
Iron Monkey,1993,https://boxd.it/1Rfk,4.5,Yuen Woo-Ping
Knives Out,2019,https://boxd.it/jWEA,4.5,Rian Johnson
Koyaanisqatsi,1982,https://boxd.it/1U9E,4.5,Godfrey Reggio
L'Argent,1983,https://boxd.it/XIg,4.5,Robert Bresson
L.A. Confidential,1997,https://boxd.it/27oC,4.5,Curtis Hanson
Lady Vengeance,2005,https://boxd.it/248G,4.5,Park Chan-wook
Live Flesh,1997,https://boxd.it/2aJ4,4.5,Pedro Almodóvar
Magnolia,1999,https://boxd.it/2aze,4.5,Paul Thomas Anderson
Malcolm X,1992,https://boxd.it/27WE,4.5,Spike Lee
Memento,2000,https://boxd.it/2bcK,4.5,Christopher Nolan
Mission: Impossible – Ghost Protocol,2011,https://boxd.it/psI,4.5,Brad Bird
Moana,2016,https://boxd.it/8tfY,4.5,"John Musker, Ron Clements"
Mulholland Drive,2001,https://boxd.it/297o,4.5,David Lynch
Night on Earth,1991,https://boxd.it/2ayq,4.5,Jim Jarmusch
Nostalgia,1983,https://boxd.it/28Qi,4.5,Andrei Tarkovsky
Paddington,2014,https://boxd.it/3RKw,4.5,Paul King
Panic Room,2002,https://boxd.it/2490,4.5,David Fincher
Paprika,2006,https://boxd.it/23wW,4.5,Satoshi Kon
Pecker,1998,https://boxd.it/1SVw,4.5,John Waters
Platoon,1986,https://boxd.it/29BS,4.5,Oliver Stone
Raging Bull,1980,https://boxd.it/28yI,4.5,Martin Scorsese
Raiders of the Lost Ark,1981,https://boxd.it/2bbs,4.5,Steven Spielberg
Rear Window,1954,https://boxd.it/2a6Q,4.5,Alfred Hitchcock
Requiem for a Dream,2000,https://boxd.it/29VI,4.5,Darren Aronofsky
Rio,2011,https://boxd.it/NKc,4.5,Carlos Saldanha
RoboCop,1987,https://boxd.it/22Wu,4.5,Paul Verhoeven
Scenes from a Marriage,1974,https://boxd.it/4kJC,4.5,Ingmar Bergman
Se7en,1995,https://boxd.it/29zs,4.5,David Fincher
Starship Troopers,1997,https://boxd.it/2a7k,4.5,Paul Verhoeven
Straw Dogs,1971,https://boxd.it/2982,4.5,Sam Peckinpah
Taxi Driver,1976,https://boxd.it/2b8y,4.5,Martin Scorsese
The American Friend,1977,https://boxd.it/1UkC,4.5,Wim Wenders
The Birdcage,1996,https://boxd.it/1UTi,4.5,Mike Nichols
The Breakfast Club,1985,https://boxd.it/27q4,4.5,John Hughes
The Castle of Cagliostro,1979,https://boxd.it/1Mn4,4.5,Hayao Miyazaki
The Child,2005,https://boxd.it/1TJm,4.5,"Luc Dardenne, Jean-Pierre Dardenne"
"The Cook, the Thief, His Wife & Her Lover",1989,https://boxd.it/20VO,4.5,Peter Greenaway
The Dark Knight,2008,https://boxd.it/2b0k,4.5,Christopher Nolan
The Dreamers,2003,https://boxd.it/28X4,4.5,Bernardo Bertolucci
The Fountain,2006,https://boxd.it/28RU,4.5,Darren Aronofsky
The French Connection,1971,https://boxd.it/296g,4.5,William Friedkin
The Idiot,1951,https://boxd.it/1x0O,4.5,Akira Kurosawa
The Incredibles,2004,https://boxd.it/1XLm,4.5,Brad Bird
The Jerk,1979,https://boxd.it/21EO,4.5,Carl Reiner
The Jungle Book,1967,https://boxd.it/1YY2,4.5,Wolfgang Reitherman
The Killer,1989,https://boxd.it/1Vha,4.5,John Woo
The Ladykillers,2004,https://boxd.it/22Z4,4.5,"Ethan Coen, Joel Coen"
The Leopard,1963,https://boxd.it/296K,4.5,Luchino Visconti
The Lion King,1994,https://boxd.it/201Q,4.5,"Roger Allers, Rob Minkoff"
The Lord of the Rings: The Fellowship of the Ring,2001,https://boxd.it/2b5O,4.5,Peter Jackson
The Lord of the Rings: The Return of the King,2003,https://boxd.it/2b5u,4.5,Peter Jackson
The Lord of the Rings: The Two Towers,2002,https://boxd.it/2b5E,4.5,Peter Jackson
The Matrix,1999,https://boxd.it/2a1m,4.5,"Lana Wachowski, Lilly Wachowski"
The Revenant,2015,https://boxd.it/8H5e,4.5,Alejandro González Iñárritu
The Secret of NIMH,1982,https://boxd.it/1Tc8,4.5,Don Bluth
The Seventh Seal,1957,https://boxd.it/2ahO,4.5,Ingmar Bergman
The Silence of the Lambs,1991,https://boxd.it/2aHW,4.5,Jonathan Demme
The Third Man,1949,https://boxd.it/294E,4.5,Carol Reed
The Trial,1962,https://boxd.it/25Xg,4.5,Orson Welles
The Truman Show,1998,https://boxd.it/18U8,4.5,Peter Weir
The Unbearable Lightness of Being,1988,https://boxd.it/1VKc,4.5,Philip Kaufman
The Wild Bunch,1969,https://boxd.it/2a5y,4.5,Sam Peckinpah
Three Colours: Blue,1993,https://boxd.it/2b7K,4.5,Krzysztof Kieślowski
Three Colours: White,1994,https://boxd.it/2b7A,4.5,Krzysztof Kieślowski
Three... Extremes,2004,https://boxd.it/1eGw,4.5,"Fruit Chan, Takashi Miike, Park Chan-wook"
Tie Me Up! Tie Me Down!,1989,https://boxd.it/26FW,4.5,Pedro Almodóvar
Total Recall,1990,https://boxd.it/29qK,4.5,Paul Verhoeven
Toy Story,1995,https://boxd.it/29qA,4.5,John Lasseter
Trainspotting,1996,https://boxd.it/29XY,4.5,Danny Boyle
Twelve Monkeys,1995,https://boxd.it/2beQ,4.5,Terry Gilliam
Twin Peaks: Fire Walk with Me,1992,https://boxd.it/27Qw,4.5,David Lynch
Videodrome,1983,https://boxd.it/29uC,4.5,David Cronenberg
Yi Yi,2000,https://boxd.it/1vCw,4.5,Edward Yang
13 Assassins,2010,https://boxd.it/jqc,4,Takashi Miike
25th Hour,2002,https://boxd.it/28LC,4,Spike Lee
28 Days Later,2002,https://boxd.it/2aXU,4,Danny Boyle
8 Mile,2002,https://boxd.it/2bew,4,Curtis Hanson
A Fistful of Dollars,1964,https://boxd.it/2auo,4,Sergio Leone
A Scene at the Sea,1991,https://boxd.it/1z10,4,Takeshi Kitano
Adaptation.,2002,https://boxd.it/26mA,4,Spike Jonze
All About My Mother,1999,https://boxd.it/2b9c,4,Pedro Almodóvar
American Movie,1999,https://boxd.it/1Oty,4,Chris Smith
Amélie,2001,https://boxd.it/2aUc,4,Jean-Pierre Jeunet
Another Round,2020,https://boxd.it/lkba,4,Thomas Vinterberg
Apollo 13,1995,https://boxd.it/2a6G,4,Ron Howard
Atanarjuat: The Fast Runner,2001,https://boxd.it/1Qyq,4,Zacharias Kunuk
Babel,2006,https://boxd.it/292o,4,Alejandro González Iñárritu
Barfly,1987,https://boxd.it/1V2a,4,Barbet Schroeder
Barton Fink,1991,https://boxd.it/2aFQ,4,Joel Coen
Batman Begins,2005,https://boxd.it/2aIg,4,Christopher Nolan
Before Night Falls,2000,https://boxd.it/23to,4,Julian Schnabel
Big Hero 6,2014,https://boxd.it/5rje,4,"Don Hall, Chris Williams"
Bill & Ted's Excellent Adventure,1989,https://boxd.it/28oI,4,Stephen Herek
Blood Simple,1984,https://boxd.it/1U16,4,Joel Coen
Blow-Up,1966,https://boxd.it/2966,4,Michelangelo Antonioni
Boogie Nights,1997,https://boxd.it/23um,4,Paul Thomas Anderson
Borat: Cultural Learnings of America for Make Benefit Glorious Nation of Kazakhstan,2006,https://boxd.it/2agQ,4,Larry Charles
Bowling for Columbine,2002,https://boxd.it/28Ls,4,Michael Moore
Boyz n the Hood,1991,https://boxd.it/29Ug,4,John Singleton
Breakfast at Tiffany's,1961,https://boxd.it/2aYS,4,Blake Edwards
Buffalo '66,1998,https://boxd.it/1YC6,4,Vincent Gallo
Bullitt,1968,https://boxd.it/29i2,4,Peter Yates
Casino,1995,https://boxd.it/2ads,4,Martin Scorsese
Casino Royale,2006,https://boxd.it/1alk,4,Martin Campbell
Cast Away,2000,https://boxd.it/20i8,4,Robert Zemeckis
Central Station,1998,https://boxd.it/29RG,4,Walter Salles
Citizen Kane,1941,https://boxd.it/71O,4,Orson Welles
Clueless,1995,https://boxd.it/1Ygk,4,Amy Heckerling
Coffee and Cigarettes II,1989,https://boxd.it/7Ram,4,Jim Jarmusch
"Crouching Tiger, Hidden Dragon",2000,https://boxd.it/2b1M,4,Ang Lee
Dancer in the Dark,2000,https://boxd.it/71E,4,Lars von Trier
Das Boot,1981,https://boxd.it/2av2,4,Wolfgang Petersen
Delicatessen,1991,https://boxd.it/29lK,4,"Jean-Pierre Jeunet, Marc Caro"
Dick,1999,https://boxd.it/1KaC,4,Andrew Fleming
Die Hard,1988,https://boxd.it/2a7u,4,John McTiernan
Down by Law,1986,https://boxd.it/28CA,4,Jim Jarmusch
Drunken Master II,1994,https://boxd.it/1Si0,4,Lau Kar-Leung
Dune,2021,https://boxd.it/fA7G,4,Denis Villeneuve
E.T. the Extra-Terrestrial,1982,https://boxd.it/2a1G,4,Steven Spielberg
Fahrenheit 9/11,2004,https://boxd.it/28a2,4,Michael Moore
Faithless,2000,https://boxd.it/Klo,4,Liv Ullmann
Fantastic Mr. Fox,2009,https://boxd.it/1WyQ,4,Wes Anderson
Farewell My Concubine,1993,https://boxd.it/1UTM,4,Chen Kaige
Fargo,1996,https://boxd.it/2aHM,4,Joel Coen
"Faster, Pussycat! Kill! Kill!",1965,https://boxd.it/2aBO,4,Russ Meyer
Fat Girl,2001,https://boxd.it/2a6w,4,Catherine Breillat
Fear and Loathing in Las Vegas,1998,https://boxd.it/27Xs,4,Terry Gilliam
Ferris Bueller's Day Off,1986,https://boxd.it/1YPY,4,John Hughes
Finding Dory,2016,https://boxd.it/4aAA,4,Andrew Stanton
Fireworks,1997,https://boxd.it/22mQ,4,Takeshi Kitano
Footloose,1984,https://boxd.it/288A,4,Herbert Ross
Forrest Gump,1994,https://boxd.it/728,4,Robert Zemeckis
Four Nights of a Dreamer,1971,https://boxd.it/qRa,4,Robert Bresson
Four Rooms,1995,https://boxd.it/73g,4,"Allison Anders, Alexandre Rockwell, Robert Rodriguez, Quentin Tarantino"
Frankenstein,2025,https://boxd.it/Ecsg,4,Guillermo del Toro
Freaky Friday,2003,https://boxd.it/1WwK,4,Mark Waters
From Dusk Till Dawn,1996,https://boxd.it/29HQ,4,Robert Rodriguez
Frozen,2013,https://boxd.it/3GNa,4,"Chris Buck, Jennifer Lee"
Ghost Dog: The Way of the Samurai,1999,https://boxd.it/23Ne,4,Jim Jarmusch
Ghost in the Shell,1995,https://boxd.it/1YYc,4,Mamoru Oshii
Gladiator,2000,https://boxd.it/2b9m,4,Ridley Scott
Glass Onion,2022,https://boxd.it/oCkK,4,Rian Johnson
Glengarry Glen Ross,1992,https://boxd.it/1Yw8,4,James Foley
"Good Bye, Lenin!",2003,https://boxd.it/2ayA,4,Wolfgang Becker
"Goodbye, Dragon Inn",2003,https://boxd.it/oFG,4,Tsai Ming-liang
Grease,1978,https://boxd.it/29YW,4,Randal Kleiser
Grindhouse,2007,https://boxd.it/8RwY,4,"Quentin Tarantino, Robert Rodriguez"
Grosse Pointe Blank,1997,https://boxd.it/1YGW,4,George Armitage
Hard Boiled,1992,https://boxd.it/1T6a,4,John Woo
Heathers,1989,https://boxd.it/26x4,4,Michael Lehmann
Hellboy,2004,https://boxd.it/28HK,4,Guillermo del Toro
Hero,2002,https://boxd.it/2bcq,4,Zhang Yimou
Hotel Rwanda,2004,https://boxd.it/2aSA,4,Terry George
House,1977,https://boxd.it/1vsm,4,Nobuhiko Obayashi
Husbands and Wives,1992,https://boxd.it/1pIe,4,Woody Allen
I Live in Fear,1955,https://boxd.it/1BOo,4,Akira Kurosawa
I Shot Andy Warhol,1996,https://boxd.it/1sWS,4,Mary Harron
I Vitelloni,1953,https://boxd.it/1RJE,4,Federico Fellini
Il Posto,1961,https://boxd.it/1iqC,4,Ermanno Olmi
In the Company of Men,1997,https://boxd.it/1NMY,4,Neil LaBute
In the Realm of the Senses,1976,https://boxd.it/22qS,4,Nagisa Ōshima
Indiana Jones and the Last Crusade,1989,https://boxd.it/2baO,4,Steven Spielberg
Inside Llewyn Davis,2013,https://boxd.it/34Ro,4,"Joel Coen, Ethan Coen"
Insomnia,2002,https://boxd.it/2aB0,4,Christopher Nolan
Irreversible,2002,https://boxd.it/29as,4,Gaspar Noé
Isle of Dogs,2018,https://boxd.it/dZrW,4,Wes Anderson
JFK,1991,https://boxd.it/29xm,4,Oliver Stone
Jackie Brown,1997,https://boxd.it/2aVO,4,Quentin Tarantino
"Je T'Aime, Je T'Aime",1968,https://boxd.it/23P0,4,Alain Resnais
Jules and Jim,1962,https://boxd.it/28rM,4,François Truffaut
Kagemusha,1980,https://boxd.it/1SGG,4,Akira Kurosawa
Kapo,1960,https://boxd.it/Ou0,4,Gillo Pontecorvo
Kids,1995,https://boxd.it/1YUY,4,Larry Clark
Kill Bill: Vol. 1,2003,https://boxd.it/70w,4,Quentin Tarantino
Kill Bill: Vol. 2,2004,https://boxd.it/2au4,4,Quentin Tarantino
L'Avventura,1960,https://boxd.it/23hs,4,Michelangelo Antonioni
"La Commune (Paris, 1871)",2000,https://boxd.it/9rO,4,Peter Watkins
La Dolce Vita,1960,https://boxd.it/2anC,4,Federico Fellini
La Jetée,1962,https://boxd.it/29Sk,4,Chris Marker
Legally Blonde,2001,https://boxd.it/1ZNa,4,Robert Luketic
Little Miss Sunshine,2006,https://boxd.it/29EW,4,"Valerie Faris, Jonathan Dayton"
Little Shop of Horrors,1986,https://boxd.it/1Vqm,4,Frank Oz
Lolita,1962,https://boxd.it/29Ag,4,Stanley Kubrick
Lost in Translation,2003,https://boxd.it/2b0E,4,Sofia Coppola
Luca,2021,https://boxd.it/ipjC,4,Enrico Casarosa
Léon: The Professional,1994,https://boxd.it/2b8S,4,Luc Besson
Madadayo,1993,https://boxd.it/1Pcy,4,Akira Kurosawa
Man Bites Dog,1992,https://boxd.it/1X7Q,4,"Rémy Belvaux, André Bonzel, Benoît Poelvoorde"
Manhattan,1979,https://boxd.it/29Na,4,Woody Allen
Manhunter,1986,https://boxd.it/1TOw,4,Michael Mann
Mean Girls,2004,https://boxd.it/1VNg,4,Mark Waters
Mean Streets,1973,https://boxd.it/2aSU,4,Martin Scorsese
Midnight Cowboy,1969,https://boxd.it/25Hi,4,John Schlesinger
Miller's Crossing,1990,https://boxd.it/2avG,4,Joel Coen
Minority Report,2002,https://boxd.it/2aWi,4,Steven Spielberg
Misery,1990,https://boxd.it/28gY,4,Rob Reiner
Mission: Impossible,1996,https://boxd.it/29d2,4,Brian De Palma
Mission: Impossible III,2006,https://boxd.it/29cI,4,J.J. Abrams
Moneyball,2011,https://boxd.it/glS,4,Bennett Miller
"Monsters, Inc.",2001,https://boxd.it/2a46,4,Pete Docter
Moulin Rouge!,2001,https://boxd.it/29wI,4,Baz Luhrmann
Muriel's Wedding,1994,https://boxd.it/2aO4,4,P.J. Hogan
My American Uncle,1980,https://boxd.it/13qC,4,Alain Resnais
My Cousin Vinny,1992,https://boxd.it/1WpO,4,Jonathan Lynn
My Left Foot: The Story of Christy Brown,1989,https://boxd.it/1WW4,4,Jim Sheridan
Napoleon Dynamite,2004,https://boxd.it/20wu,4,Jared Hess
Natural Born Killers,1994,https://boxd.it/2aNg,4,Oliver Stone
Nights of Cabiria,1957,https://boxd.it/1F7e,4,Federico Fellini
Ocean's Eleven,2001,https://boxd.it/2aZm,4,Steven Soderbergh
Once Upon a Time... in Hollywood,2019,https://boxd.it/gH0O,4,Quentin Tarantino
Ong-Bak,2003,https://boxd.it/1YZk,4,Prachya Pinkaew
Paddington 2,2017,https://boxd.it/bCF8,4,Paul King
Paris Je T'aime,2006,https://boxd.it/273a,4,"Sylvain Chomet, Tom Tykwer, Gurinder Chadha, Richard LaGravenese, Isabel Coixet, Nobuhiro Suwa, Frédéric Auburtin, Alfonso Cuarón, Gérard Depardieu, Walter Salles, Christopher Doyle, Wes Craven, Daniela Thomas, Vincenzo Natali, Oliver Schmitz, Gus Van Sant, Olivier Assayas, Alexander Payne, Joel Coen, Ethan Coen, Bruno Podalydès"
Pi,1998,https://boxd.it/2ajq,4,Darren Aronofsky
Pickpocket,1959,https://boxd.it/29O8,4,Robert Bresson
Pirates of the Caribbean: The Curse of the Black Pearl,2003,https://boxd.it/70G,4,Gore Verbinski
"Planes, Trains and Automobiles",1987,https://boxd.it/26zE,4,John Hughes
Predator,1987,https://boxd.it/2b84,4,John McTiernan
Puss in Boots: The Last Wish,2022,https://boxd.it/aaie,4,Joel Crawford
Rain Man,1988,https://boxd.it/2avw,4,Barry Levinson
Raise the Red Lantern,1991,https://boxd.it/1WlC,4,Zhang Yimou
Raising Arizona,1987,https://boxd.it/2avQ,4,Joel Coen
Re-Animator,1985,https://boxd.it/28hM,4,Stuart Gordon
Reservoir Dogs,1992,https://boxd.it/2agc,4,Quentin Tarantino
Return of the Jedi,1983,https://boxd.it/27Vm,4,Richard Marquand
Ronin,1998,https://boxd.it/20wa,4,John Frankenheimer
Rosemary's Baby,1968,https://boxd.it/29zM,4,Roman Polanski
Run Lola Run,1998,https://boxd.it/2b8o,4,Tom Tykwer
Rushmore,1998,https://boxd.it/1TAO,4,Wes Anderson
Scott Pilgrim vs. the World,2010,https://boxd.it/1Aq6,4,Edgar Wright
Scream,1996,https://boxd.it/24EC,4,Wes Craven
Secretary,2002,https://boxd.it/1URc,4,Steven Shainberg
Seven Years in Tibet,1997,https://boxd.it/29aC,4,Jean-Jacques Annaud
Sexy Beast,2000,https://boxd.it/1SZS,4,Jonathan Glazer
Shaun of the Dead,2004,https://boxd.it/29J8,4,Edgar Wright
She Hate Me,2004,https://boxd.it/1CIc,4,Spike Lee
Short Cuts,1993,https://boxd.it/29Nk,4,Robert Altman
Shrek,2001,https://boxd.it/29zi,4,"Andrew Adamson, Vicky Jenson"
Shrek 2,2004,https://boxd.it/29z8,4,"Andrew Adamson, Kelly Asbury, Conrad Vernon"
Slacker,1990,https://boxd.it/1OUu,4,Richard Linklater
"South Park: Bigger, Longer & Uncut",1999,https://boxd.it/1YAO,4,Trey Parker
Speed,1994,https://boxd.it/28qk,4,Jan de Bont
Speed Racer,2008,https://boxd.it/20UQ,4,"Lana Wachowski, Lilly Wachowski"
Spider-Man,2002,https://boxd.it/2a8i,4,Sam Raimi
Spider-Man: No Way Home,2021,https://boxd.it/nwRw,4,Jon Watts
Stolen Kisses,1968,https://boxd.it/2aL0,4,François Truffaut
Strange Days,1995,https://boxd.it/2aGO,4,Kathryn Bigelow
Stranger Than Fiction,2006,https://boxd.it/28Za,4,Marc Forster
Strictly Ballroom,1992,https://boxd.it/1WkY,4,Baz Luhrmann
Superbad,2007,https://boxd.it/20hO,4,Greg Mottola
Swept Away,1974,https://boxd.it/17cY,4,Lina Wertmüller
Swimming Pool,2003,https://boxd.it/2aDU,4,François Ozon
Teenage Mutant Ninja Turtles: Mutant Mayhem,2023,https://boxd.it/mK0a,4,Jeff Rowe
Terminator 2: Judgment Day,1991,https://boxd.it/2aGY,4,James Cameron
The 400 Blows,1959,https://boxd.it/2b1C,4,François Truffaut
The Abyss,1989,https://boxd.it/26mK,4,James Cameron
"The Adventures of Priscilla, Queen of the Desert",1994,https://boxd.it/26mg,4,Stephan Elliott
The Avengers,2012,https://boxd.it/1xFW,4,Joss Whedon
The Barbarian Invasions,2003,https://boxd.it/1UMG,4,Denys Arcand
The Batman,2022,https://boxd.it/eDGs,4,Matt Reeves
The Big Chill,1983,https://boxd.it/1RHI,4,Lawrence Kasdan
The Bourne Ultimatum,2007,https://boxd.it/26Eu,4,Paul Greengrass
The City of Lost Children,1995,https://boxd.it/29k8,4,"Jean-Pierre Jeunet, Marc Caro"
The Color of Money,1986,https://boxd.it/1SSM,4,Martin Scorsese
The Cranes Are Flying,1957,https://boxd.it/169Y,4,Mikheil Kalatozishvili
The Death of David Cronenberg,2021,https://boxd.it/x1EG,4,"Caitlin Cronenberg, David Cronenberg"
The Decline of the American Empire,1986,https://boxd.it/1GQE,4,Denys Arcand
The Discreet Charm of the Bourgeoisie,1972,https://boxd.it/2440,4,Luis Buñuel
The Double Life of Véronique,1991,https://boxd.it/28va,4,Krzysztof Kieślowski
The Empire Strikes Back,1980,https://boxd.it/27Vw,4,Irvin Kershner
The Exorcist,1973,https://boxd.it/1Yoo,4,William Friedkin
The Flower of My Secret,1995,https://boxd.it/24we,4,Pedro Almodóvar
The Full Monty,1997,https://boxd.it/1YI4,4,Peter Cattaneo
The Gleaners and I,2000,https://boxd.it/S6c,4,Agnès Varda
"The Good, the Bad and the Ugly",1966,https://boxd.it/2ape,4,Sergio Leone
The Graduate,1967,https://boxd.it/18Im,4,Mike Nichols
The Harder They Come,1972,https://boxd.it/20RC,4,Perry Henzell
The Hidden Fortress,1958,https://boxd.it/295M,4,Akira Kurosawa
The Ice Storm,1997,https://boxd.it/2c6I,4,Ang Lee
The Jungle Book,2016,https://boxd.it/8wjk,4,Jon Favreau
The King of the Kickboxers,1990,https://boxd.it/2cbo,4,Lo Yuen-Ming
The Last Temptation of Christ,1988,https://boxd.it/1ULe,4,Martin Scorsese
The Last of the Mohicans,1992,https://boxd.it/1YSo,4,Michael Mann
The Lego Movie,2014,https://boxd.it/4pDO,4,"Phil Lord, Christopher Miller"
The Life Aquatic with Steve Zissou,2004,https://boxd.it/2aqw,4,Wes Anderson
The Limey,1999,https://boxd.it/1Woc,4,Steven Soderbergh
The Little Mermaid,1989,https://boxd.it/1WYO,4,"John Musker, Ron Clements"
The Man Who Fell to Earth,1976,https://boxd.it/298w,4,Nicolas Roeg
The Man Who Wasn't There,2001,https://boxd.it/1Vqc,4,Joel Coen
The Matrix Reloaded,2003,https://boxd.it/2a1c,4,"Lana Wachowski, Lilly Wachowski"
The Night Porter,1974,https://boxd.it/1tsk,4,Liliana Cavani
The Prestige,2006,https://boxd.it/293w,4,Christopher Nolan
The Princess Bride,1987,https://boxd.it/26EY,4,Rob Reiner
The Shawshank Redemption,1994,https://boxd.it/2aHi,4,Frank Darabont
The Social Network,2010,https://boxd.it/17ue,4,David Fincher
The Son's Room,2001,https://boxd.it/1TPE,4,Nanni Moretti
The Spanish Prisoner,1997,https://boxd.it/1nZW,4,David Mamet
The Structure of Crystal,1969,https://boxd.it/5bjs,4,Krzysztof Zanussi
The Sweet Hereafter,1997,https://boxd.it/1WNm,4,Atom Egoyan
The Tailor of Panama,2001,https://boxd.it/26BA,4,John Boorman
The Talented Mr. Ripley,1999,https://boxd.it/2924,4,Anthony Minghella
The Terminator,1984,https://boxd.it/2aQY,4,James Cameron
The Usual Suspects,1995,https://boxd.it/29XE,4,Bryan Singer
Thelma & Louise,1991,https://boxd.it/28Ew,4,Ridley Scott
To Live,1994,https://boxd.it/1j6S,4,Zhang Yimou
Tokyo Drifter,1966,https://boxd.it/OTY,4,Seijun Suzuki
Toy Story 2,1999,https://boxd.it/29qq,4,John Lasseter
Trafic,1971,https://boxd.it/1TZu,4,Jacques Tati
Trees Lounge,1996,https://boxd.it/1qQ4,4,Steve Buscemi
True Grit,2010,https://boxd.it/Sog,4,"Ethan Coen, Joel Coen"
Up the Yangtze,2007,https://boxd.it/1MwA,4,Yung Chang
V for Vendetta,2005,https://boxd.it/29Ik,4,James McTeigue
Violent Cop,1989,https://boxd.it/1Rym,4,Takeshi Kitano
Volver,2006,https://boxd.it/2aQO,4,Pedro Almodóvar
Wake Up Dead Man,2025,https://boxd.it/uAKS,4,Rian Johnson
Werner Herzog Eats His Shoe,1980,https://boxd.it/3pcw,4,Les Blank
Who Framed Roger Rabbit,1988,https://boxd.it/29ry,4,Robert Zemeckis
Women on the Verge of a Nervous Breakdown,1988,https://boxd.it/24GI,4,Pedro Almodóvar
Wreck-It Ralph,2012,https://boxd.it/2TTS,4,Rich Moore
Yojimbo,1961,https://boxd.it/1SRY,4,Akira Kurosawa
Zatoichi,2003,https://boxd.it/2aMs,4,Takeshi Kitano
"sex, lies, and videotape",1989,https://boxd.it/28Oc,4,Steven Soderbergh
21 Grams,2003,https://boxd.it/2ajK,3.5,Alejandro González Iñárritu
24 Hour Party People,2002,https://boxd.it/26nI,3.5,Michael Winterbottom
28 Weeks Later,2007,https://boxd.it/28Bi,3.5,Juan Carlos Fresnadillo
A Few Good Men,1992,https://boxd.it/29nw,3.5,Rob Reiner
A Scanner Darkly,2006,https://boxd.it/25jK,3.5,Richard Linklater
Affliction,1997,https://boxd.it/1iAM,3.5,Paul Schrader
Ali,2001,https://boxd.it/205e,3.5,Michael Mann
Alien Resurrection,1997,https://boxd.it/20zI,3.5,Jean-Pierre Jeunet
Aliens,1986,https://boxd.it/29PA,3.5,James Cameron
Alien³,1992,https://boxd.it/20zS,3.5,David Fincher
Almost Famous,2000,https://boxd.it/29CQ,3.5,Cameron Crowe
Amarcord,1973,https://boxd.it/20NA,3.5,Federico Fellini
American Beauty,1999,https://boxd.it/71Y,3.5,Sam Mendes
American Gigolo,1980,https://boxd.it/26l8,3.5,Paul Schrader
Animal House,1978,https://boxd.it/2062,3.5,John Landis
Annie Hall,1977,https://boxd.it/29M2,3.5,Woody Allen
Aquaman,2018,https://boxd.it/9ru0,3.5,James Wan
Avatar,2009,https://boxd.it/1Efm,3.5,James Cameron
BASEketball,1998,https://boxd.it/1OVs,3.5,David Zucker
Back to the Future Part II,1989,https://boxd.it/2aYI,3.5,Robert Zemeckis
Basic Instinct,1992,https://boxd.it/2asM,3.5,Paul Verhoeven
Batman,1989,https://boxd.it/2aIU,3.5,Tim Burton
Bed and Board,1970,https://boxd.it/2aKw,3.5,François Truffaut
Beijing Bicycle,2001,https://boxd.it/1Rtm,3.5,Wang Xiaoshuai
Beverly Hills Cop,1984,https://boxd.it/2baE,3.5,Martin Brest
Big,1988,https://boxd.it/271S,3.5,Penny Marshall
Big Trouble in Little China,1986,https://boxd.it/21em,3.5,John Carpenter
Billy Elliot,2000,https://boxd.it/2bdy,3.5,Stephen Daldry
Billy Liar,1963,https://boxd.it/1tGQ,3.5,John Schlesinger
Black Widow,2021,https://boxd.it/hWV8,3.5,Cate Shortland
Blade,1998,https://boxd.it/1a8A,3.5,Stephen Norrington
Bowfinger,1999,https://boxd.it/1U3w,3.5,Frank Oz
Braindead,1992,https://boxd.it/29Gy,3.5,Peter Jackson
Bridget Jones's Diary,2001,https://boxd.it/29WQ,3.5,Sharon Maguire
Camouflage,1977,https://boxd.it/4tms,3.5,Krzysztof Zanussi
Cars,2006,https://boxd.it/29ho,3.5,John Lasseter
Cars 2,2011,https://boxd.it/H4Y,3.5,John Lasseter
Catch Me If You Can,2002,https://boxd.it/29VS,3.5,Steven Spielberg
Catch-22,1970,https://boxd.it/1WrK,3.5,Mike Nichols
Cecil B. Demented,2000,https://boxd.it/1OA0,3.5,John Waters
Chasing Amy,1997,https://boxd.it/274W,3.5,Kevin Smith
Chicken Run,2000,https://boxd.it/20Xg,3.5,"Peter Lord, Nick Park"
Children of Men,2006,https://boxd.it/1Y2i,3.5,Alfonso Cuarón
Chocolat,2000,https://boxd.it/2aue,3.5,Lasse Hallström
Christine,1983,https://boxd.it/1ZRQ,3.5,John Carpenter
Clerks,1994,https://boxd.it/2706,3.5,Kevin Smith
Cliffhanger,1993,https://boxd.it/1YU0,3.5,Renny Harlin
Clockers,1995,https://boxd.it/1D7w,3.5,Spike Lee
Cold Fever,1995,https://boxd.it/2dhC,3.5,Fridrik Thor Fridriksson
Collateral,2004,https://boxd.it/28F0,3.5,Michael Mann
Dances with Wolves,1990,https://boxd.it/2a4K,3.5,Kevin Costner
Dark Phoenix,2019,https://boxd.it/anyO,3.5,Simon Kinberg
Dead Man Walking,1995,https://boxd.it/29OC,3.5,Tim Robbins
Dirty Rotten Scoundrels,1988,https://boxd.it/1WZi,3.5,Frank Oz
District B13,2004,https://boxd.it/1XdY,3.5,Pierre Morel
Doctor Sleep,2019,https://boxd.it/i5vI,3.5,Mike Flanagan
Drugstore Cowboy,1989,https://boxd.it/2aj6,3.5,Gus Van Sant
Dune,1984,https://boxd.it/29tY,3.5,David Lynch
El Mariachi,1992,https://boxd.it/1YRq,3.5,Robert Rodriguez
Elephant,2003,https://boxd.it/287i,3.5,Gus Van Sant
Enola Holmes 2,2022,https://boxd.it/vfDe,3.5,Harry Bradbeer
Eternals,2021,https://boxd.it/j36o,3.5,Chloé Zhao
Finch,2021,https://boxd.it/iXBq,3.5,Miguel Sapochnik
Get Carter,1971,https://boxd.it/28HU,3.5,Mike Hodges
Get Shorty,1995,https://boxd.it/20Ga,3.5,Barry Sonnenfeld
Ghostbusters,1984,https://boxd.it/g2w,3.5,Ivan Reitman
"Girl, Interrupted",1999,https://boxd.it/25ds,3.5,James Mangold
GoldenEye,1995,https://boxd.it/29KU,3.5,Martin Campbell
Gosford Park,2001,https://boxd.it/239e,3.5,Robert Altman
Hairspray,1988,https://boxd.it/1UKK,3.5,John Waters
Hannibal,2001,https://boxd.it/1XVc,3.5,Ridley Scott
Harold & Kumar Go to White Castle,2004,https://boxd.it/1Ueu,3.5,Danny Leiner
Hellboy II: The Golden Army,2008,https://boxd.it/1Ug6,3.5,Guillermo del Toro
High Fidelity,2000,https://boxd.it/2aMW,3.5,Stephen Frears
Highway 61,1991,https://boxd.it/206c,3.5,Bruce McDonald
Hilary and Jackie,1998,https://boxd.it/LOc,3.5,Anand Tucker
Home Alone,1990,https://boxd.it/29Fg,3.5,Chris Columbus
Hot Fuzz,2007,https://boxd.it/2416,3.5,Edgar Wright
House of Flying Daggers,2004,https://boxd.it/1YoI,3.5,Zhang Yimou
Indiana Jones and the Temple of Doom,1984,https://boxd.it/2bb8,3.5,Steven Spielberg
Ip Man,2008,https://boxd.it/1NrQ,3.5,Wilson Yip
Jackass Number Two,2006,https://boxd.it/1SyM,3.5,Jeff Tremaine
Jackass: The Movie,2002,https://boxd.it/1Zo0,3.5,Jeff Tremaine
Juno,2007,https://boxd.it/210a,3.5,Jason Reitman
Jurassic Park,1993,https://boxd.it/2aA2,3.5,Steven Spielberg
Kick the Moon,2001,https://boxd.it/2d44,3.5,Kim Sang-jin
King Kong,2005,https://boxd.it/2aLa,3.5,Peter Jackson
Labyrinth,1986,https://boxd.it/1POC,3.5,Jim Henson
Lady in the Water,2006,https://boxd.it/1Y1E,3.5,M. Night Shyamalan
Last Night,1998,https://boxd.it/1KLe,3.5,Don McKellar
Lethal Weapon,1987,https://boxd.it/29e0,3.5,Richard Donner
Lightyear,2022,https://boxd.it/qV1G,3.5,Angus MacLane
Living in Oblivion,1995,https://boxd.it/1ZeO,3.5,Tom DiCillo
Lord of the Flies,1963,https://boxd.it/1Xqy,3.5,Peter Brook
Love on the Run,1979,https://boxd.it/2aKm,3.5,François Truffaut
Lush: A Far from Home Movie,2024,https://boxd.it/uXAQ,3.5,Phil King
Madame Bovary,1991,https://boxd.it/26Dc,3.5,Claude Chabrol
Meet the Parents,2000,https://boxd.it/28vE,3.5,Jay Roach
Mighty Aphrodite,1995,https://boxd.it/1TPu,3.5,Woody Allen
Minions: The Rise of Gru,2022,https://boxd.it/fz9w,3.5,Kyle Balda
Moonstruck,1987,https://boxd.it/27zg,3.5,Norman Jewison
My Big Fat Greek Wedding,2002,https://boxd.it/20k4,3.5,Joel Zwick
Mystic River,2003,https://boxd.it/2aAG,3.5,Clint Eastwood
Naked Lunch,1991,https://boxd.it/26ow,3.5,David Cronenberg
Nosferatu the Vampyre,1979,https://boxd.it/21J0,3.5,Werner Herzog
"O Brother, Where Art Thou?",2000,https://boxd.it/2b3I,3.5,Joel Coen
Ocean's Thirteen,2007,https://boxd.it/2aEy,3.5,Steven Soderbergh
Ocean's Twelve,2004,https://boxd.it/2aZ2,3.5,Steven Soderbergh
Office Space,1999,https://boxd.it/28Em,3.5,Mike Judge
Pineapple Express,2008,https://boxd.it/1WRS,3.5,David Gordon Green
Pirates of the Caribbean: Dead Man's Chest,2006,https://boxd.it/2bfk,3.5,Gore Verbinski
Pollock,2000,https://boxd.it/1RPC,3.5,Ed Harris
Ripley's Game,2002,https://boxd.it/1UZg,3.5,Liliana Cavani
Rocky,1976,https://boxd.it/28Uk,3.5,John G. Avildsen
Rogue One: A Star Wars Story,2016,https://boxd.it/aPvy,3.5,Gareth Edwards
Roxanne,1987,https://boxd.it/1TuG,3.5,Fred Schepisi
Scarface,1983,https://boxd.it/2b7g,3.5,Brian De Palma
Serial Mom,1994,https://boxd.it/1Tty,3.5,John Waters
Shakespeare in Love,1998,https://boxd.it/27Pe,3.5,John Madden
Shallow Grave,1994,https://boxd.it/1XyW,3.5,Danny Boyle
Shang-Chi and the Legend of the Ten Rings,2021,https://boxd.it/kLDI,3.5,Destin Daniel Cretton
Shaolin Soccer,2001,https://boxd.it/1T86,3.5,Stephen Chow
Shine,1996,https://boxd.it/20MC,3.5,Scott Hicks
Shoeshine,1987,https://boxd.it/7bEE,3.5,Tom Abrams
Shutter Island,2010,https://boxd.it/1U82,3.5,Martin Scorsese
Sid and Nancy,1986,https://boxd.it/1N6e,3.5,Alex Cox
Sideways,2004,https://boxd.it/1Y5c,3.5,Alexander Payne
Sleepers,1996,https://boxd.it/29xw,3.5,Barry Levinson
Snatch,2000,https://boxd.it/2b7U,3.5,Guy Ritchie
Solo: A Star Wars Story,2018,https://boxd.it/bGWs,3.5,Ron Howard
Spartacus,1960,https://boxd.it/29bq,3.5,Stanley Kubrick
Spider-Man 2,2004,https://boxd.it/2a88,3.5,Sam Raimi
Spider-Man 3,2007,https://boxd.it/2a7Y,3.5,Sam Raimi
Stand by Me,1986,https://boxd.it/2aOe,3.5,Rob Reiner
Star Trek,2009,https://boxd.it/1Q6c,3.5,J.J. Abrams
Star Wars,1977,https://boxd.it/72s,3.5,George Lucas
Star Wars: Episode III – Revenge of the Sith,2005,https://boxd.it/27US,3.5,George Lucas
Superman,1978,https://boxd.it/27Qm,3.5,Richard Donner
Sweet Sixteen,2002,https://boxd.it/28SI,3.5,Ken Loach
Sweet and Lowdown,1999,https://boxd.it/1Y3K,3.5,Woody Allen
Tales from the Darkside: The Movie,1990,https://boxd.it/1D2c,3.5,John Harrison
The Accused,1988,https://boxd.it/1VbQ,3.5,Jonathan Kaplan
The Blues Brothers,1980,https://boxd.it/2adi,3.5,John Landis
The Bourne Identity,2002,https://boxd.it/26EO,3.5,Doug Liman
The Brown Bunny,2003,https://boxd.it/1RnI,3.5,Vincent Gallo
The Departed,2006,https://boxd.it/28MA,3.5,Martin Scorsese
The Doors,1991,https://boxd.it/1W18,3.5,Oliver Stone
The Elephant Man,1980,https://boxd.it/27LQ,3.5,David Lynch
The Fabulous Baker Boys,1989,https://boxd.it/1VaI,3.5,Steve Kloves
The Fugitive,1993,https://boxd.it/230G,3.5,Andrew Davis
The Game,1997,https://boxd.it/26vC,3.5,David Fincher
The Good Girl,2002,https://boxd.it/1Xqo,3.5,Miguel Arteta
The Goonies,1985,https://boxd.it/1YVC,3.5,Richard Donner
The Green Hornet,2011,https://boxd.it/10TQ,3.5,Michel Gondry
The Guardians of the Galaxy Holiday Special,2022,https://boxd.it/t77K,3.5,James Gunn
The Hanging Garden,1997,https://boxd.it/1cHi,3.5,Thom Fitzgerald
The Idiots,1998,https://boxd.it/2amu,3.5,Lars von Trier
The Matrix Revolutions,2003,https://boxd.it/2a12,3.5,"Lana Wachowski, Lilly Wachowski"
The NeverEnding Story,1984,https://boxd.it/1dE0,3.5,Wolfgang Petersen
The Northman,2022,https://boxd.it/nK2s,3.5,Robert Eggers
The Out-of-Towners,1970,https://boxd.it/1Dt8,3.5,Arthur Hiller
The Polar Express,2004,https://boxd.it/23am,3.5,Robert Zemeckis
The Prophecy,1995,https://boxd.it/1SCk,3.5,Gregory Widen
The Rock,1996,https://boxd.it/1XM0,3.5,Michael Bay
The Royal Tenenbaums,2001,https://boxd.it/1YHU,3.5,Wes Anderson
The Salton Sea,2002,https://boxd.it/1TMq,3.5,D.J. Caruso
The SpongeBob SquarePants Movie,2004,https://boxd.it/1SYq,3.5,Stephen Hillenburg
The Super Mario Bros. Movie,2023,https://boxd.it/i8C8,3.5,"Michael Jelenic, Aaron Horvath"
The Untouchables,1987,https://boxd.it/2b6i,3.5,Brian De Palma
The Wedding Singer,1998,https://boxd.it/1USO,3.5,Frank Coraci
The X-Files,1998,https://boxd.it/29ta,3.5,Rob Bowman
This Is the End,2013,https://boxd.it/3GB4,3.5,"Seth Rogen, Evan Goldberg"
Thor,2011,https://boxd.it/1WQU,3.5,Kenneth Branagh
Three Kings,1999,https://boxd.it/21IG,3.5,David O. Russell
Time and Tide,2000,https://boxd.it/Gpw,3.5,Tsui Hark
Tomb Raider,2018,https://boxd.it/bgbA,3.5,Roar Uthaug
Top Gun,1986,https://boxd.it/29JC,3.5,Tony Scott
Topsy-Turvy,1999,https://boxd.it/Nbc,3.5,Mike Leigh
Traffic,2000,https://boxd.it/27Ue,3.5,Steven Soderbergh
Trespass,1992,https://boxd.it/1BbQ,3.5,Walter Hill
Tron,1982,https://boxd.it/2b9w,3.5,Steven Lisberger
Trouble Every Day,2001,https://boxd.it/115M,3.5,Claire Denis
True Lies,1994,https://boxd.it/19pq,3.5,James Cameron
Twister,1996,https://boxd.it/29S0,3.5,Jan de Bont
Unbreakable,2000,https://boxd.it/1XV2,3.5,M. Night Shyamalan
Walk Hard: The Dewey Cox Story,2007,https://boxd.it/21wK,3.5,Jake Kasdan
Wall Street,1987,https://boxd.it/1VFG,3.5,Oliver Stone
Watchmen,2009,https://boxd.it/1QE4,3.5,Zack Snyder
Willow,1988,https://boxd.it/29t0,3.5,Ron Howard
Working Girl,1988,https://boxd.it/25ha,3.5,Mike Nichols
X-Men,2000,https://boxd.it/1a7s,3.5,Bryan Singer
X2,2003,https://boxd.it/1a7i,3.5,Bryan Singer
Y Tu Mamá También,2001,https://boxd.it/28QM,3.5,Alfonso Cuarón
Your Friends & Neighbors,1998,https://boxd.it/2GfA,3.5,Neil LaBute
eXistenZ,1999,https://boxd.it/27Ni,3.5,David Cronenberg
48 Hrs.,1982,https://boxd.it/2b18,3,Walter Hill
50 First Dates,2004,https://boxd.it/285c,3,Peter Segal
9 Songs,2004,https://boxd.it/702,3,Michael Winterbottom
A Haunting in Venice,2023,https://boxd.it/zGdg,3,Kenneth Branagh
A Knight's Tale,2001,https://boxd.it/1YAk,3,Brian Helgeland
A Life Less Ordinary,1997,https://boxd.it/20Bu,3,Danny Boyle
Along Came Polly,2004,https://boxd.it/22fU,3,John Hamburg
Alphaville,1965,https://boxd.it/20AG,3,Jean-Luc Godard
An American Pickle,2020,https://boxd.it/niWi,3,Brandon Trost
Ant-Man,2015,https://boxd.it/3vmW,3,Peyton Reed
Ant-Man and the Wasp,2018,https://boxd.it/cqUW,3,Peyton Reed
Bad Santa,2003,https://boxd.it/1WYk,3,Terry Zwigoff
Baghead,2008,https://boxd.it/22C0,3,"Jay Duplass, Mark Duplass"
Baise-moi,2000,https://boxd.it/25Fc,3,"Virginie Despentes, Coralie Trinh Thi"
Batman Forever,1995,https://boxd.it/2ara,3,Joel Schumacher
Bend It Like Beckham,2002,https://boxd.it/2am0,3,Gurinder Chadha
Bloodsport,1988,https://boxd.it/1Tee,3,Newt Arnold
Blow,2001,https://boxd.it/24Mm,3,Ted Demme
Bruce Almighty,2003,https://boxd.it/2aCC,3,Tom Shadyac
Bullet Train,2022,https://boxd.it/qW26,3,David Leitch
Can't Hardly Wait,1998,https://boxd.it/1MWI,3,"Harry Elfont, Deborah Kaplan"
Celebrity,1998,https://boxd.it/1YBM,3,Woody Allen
Changing Lanes,2002,https://boxd.it/28Fa,3,Roger Michell
Childstar,2004,https://boxd.it/YDm,3,Don McKellar
Clerks II,2006,https://boxd.it/26ZC,3,Kevin Smith
Commando,1985,https://boxd.it/1UTs,3,Mark L. Lester
Conan the Barbarian,1982,https://boxd.it/1YOm,3,John Milius
Constantine,2005,https://boxd.it/2a7E,3,Francis Lawrence
Crank,2006,https://boxd.it/27MY,3,"Brian Taylor, Mark Neveldine"
Crash,2004,https://boxd.it/28q0,3,Paul Haggis
Demolition Man,1993,https://boxd.it/1XVm,3,Marco Brambilla
Desperado,1995,https://boxd.it/20Bk,3,Robert Rodriguez
Doctor Strange,2016,https://boxd.it/8MH8,3,Scott Derrickson
Doctor Strange in the Multiverse of Madness,2022,https://boxd.it/gaTc,3,Sam Raimi
DodgeBall: A True Underdog Story,2004,https://boxd.it/1YAY,3,Rawson Marshall Thurber
Dogma,1999,https://boxd.it/284e,3,Kevin Smith
Dolores Claiborne,1995,https://boxd.it/1SKo,3,Taylor Hackford
Falling Down,1993,https://boxd.it/194M,3,Joel Schumacher
First Blood,1982,https://boxd.it/28U0,3,Ted Kotcheff
Flatliners,1990,https://boxd.it/28D4,3,Joel Schumacher
Fulltime Killer,2001,https://boxd.it/1YjS,3,"Johnnie To, Wai Ka-Fai"
Gangs of New York,2002,https://boxd.it/25FG,3,Martin Scorsese
Gattaca,1997,https://boxd.it/29Du,3,Andrew Niccol
Gremlins,1984,https://boxd.it/29gg,3,Joe Dante
Hardcore Henry,2015,https://boxd.it/aAIM,3,Ilya Naishuller
Heavy Metal,1981,https://boxd.it/1SZI,3,"Gerald Potterton, John Bruno, John Halas, Julian Harris, Jimmy T. Murakami, Barrie Nelson, Paul Sabella, Jack Stokes, Pino Van Lamsweerde, Harold Whitaker"
Horrible Bosses,2011,https://boxd.it/Ba2,3,Seth Gordon
Iron Man 2,2010,https://boxd.it/1WZM,3,Jon Favreau
Jade,1995,https://boxd.it/1SUe,3,William Friedkin
Jerry and Tom,1998,https://boxd.it/2EQu,3,Saul Rubinek
Jersey Girl,2004,https://boxd.it/1Yqa,3,Kevin Smith
John Wick: Chapter 2,2017,https://boxd.it/ayGu,3,Chad Stahelski
Ju-on: The Grudge,2002,https://boxd.it/1SY6,3,Takashi Shimizu
Judgment Night,1993,https://boxd.it/736,3,Stephen Hopkins
Knocked Up,2007,https://boxd.it/23yS,3,Judd Apatow
Krull,1983,https://boxd.it/29sG,3,Peter Yates
L.A. Story,1991,https://boxd.it/27qe,3,Mick Jackson
Layer Cake,2004,https://boxd.it/23LC,3,Matthew Vaughn
"Lock, Stock and Two Smoking Barrels",1998,https://boxd.it/2b92,3,Guy Ritchie
Lucky Number Slevin,2006,https://boxd.it/2aVu,3,Paul McGuigan
Mallrats,1995,https://boxd.it/26ZW,3,Kevin Smith
Maximum Overdrive,1986,https://boxd.it/1XnO,3,Stephen King
Men at Work,1990,https://boxd.it/1WUM,3,Emilio Estevez
Mission: Impossible II,2000,https://boxd.it/29cS,3,John Woo
Monster's Ball,2001,https://boxd.it/28Uu,3,Marc Forster
National Lampoon's Vacation,1983,https://boxd.it/1Uvq,3,Harold Ramis
Novocaine,2001,https://boxd.it/1CTa,3,David Atkins
One Fine Day,1996,https://boxd.it/211i,3,Michael Hoffman
Open Your Eyes,1997,https://boxd.it/27TU,3,Alejandro Amenábar
Passengers,2016,https://boxd.it/8lFu,3,Morten Tyldum
Phone Booth,2002,https://boxd.it/285G,3,Joel Schumacher
Pleasantville,1998,https://boxd.it/26uY,3,Gary Ross
Psycho,1998,https://boxd.it/1Ugg,3,Gus Van Sant
Ralph Breaks the Internet,2018,https://boxd.it/edAy,3,"Phil Johnston, Rich Moore"
Rambo: First Blood Part II,1985,https://boxd.it/28TQ,3,George P. Cosmatos
Red Dragon,2002,https://boxd.it/1Yrs,3,Brett Ratner
Renaissance,2006,https://boxd.it/1YO2,3,Christian Volckman
Renfield,2023,https://boxd.it/o8vy,3,Chris McKay
Ride with the Devil,1999,https://boxd.it/1APq,3,Ang Lee
Robin Hood: Men in Tights,1993,https://boxd.it/20H8,3,Mel Brooks
Robots,2005,https://boxd.it/1Xve,3,Chris Wedge
Scanners,1981,https://boxd.it/1YqE,3,David Cronenberg
Secret Window,2004,https://boxd.it/28xq,3,David Koepp
Sherlock Holmes,2009,https://boxd.it/1W2A,3,Guy Ritchie
Shopgirl,2005,https://boxd.it/26zu,3,Anand Tucker
Sleepy Hollow,1999,https://boxd.it/26u0,3,Tim Burton
Sliding Doors,1998,https://boxd.it/1WNG,3,Peter Howitt
Smokin' Aces,2006,https://boxd.it/20Ri,3,Joe Carnahan
Spider,2002,https://boxd.it/1YeI,3,David Cronenberg
Spy Game,2001,https://boxd.it/28Fk,3,Tony Scott
Star Trek II: The Wrath of Khan,1982,https://boxd.it/2b0u,3,Nicholas Meyer
Star Wars: The Last Jedi,2017,https://boxd.it/5xme,3,Rian Johnson
Superman,2025,https://boxd.it/E9IU,3,James Gunn
Superman II,1980,https://boxd.it/204q,3,Richard Lester
Team America: World Police,2004,https://boxd.it/24QS,3,Trey Parker
That Thing You Do!,1996,https://boxd.it/1Yig,3,Tom Hanks
The 'Burbs,1989,https://boxd.it/1SDi,3,Joe Dante
The 40 Year Old Virgin,2005,https://boxd.it/21hK,3,Judd Apatow
The Beach,2000,https://boxd.it/27T6,3,Danny Boyle
The Bourne Supremacy,2004,https://boxd.it/26EE,3,Paul Greengrass
The Butterfly Effect,2004,https://boxd.it/27M0,3,"Eric Bress, J. Mackye Gruber"
The Dark Knight Rises,2012,https://boxd.it/H3m,3,Christopher Nolan
The Devil's Own,1997,https://boxd.it/24he,3,Alan J. Pakula
The House Bunny,2008,https://boxd.it/1RyG,3,Fred Wolf
The Illusionist,2006,https://boxd.it/28H6,3,Neil Burger
The Insider,1999,https://boxd.it/1ZoE,3,Michael Mann
The Island,2005,https://boxd.it/28qE,3,Michael Bay
The Italian Job,2003,https://boxd.it/1Y86,3,F. Gary Gray
The Last Samurai,2003,https://boxd.it/29ZA,3,Edward Zwick
The Lost City,2022,https://boxd.it/sg0Q,3,"Aaron Nee, Adam Nee"
The Martian,2015,https://boxd.it/8SeG,3,Ridley Scott
The Mask,1994,https://boxd.it/29rS,3,Chuck Russell
The Mission,1986,https://boxd.it/1TTw,3,Roland Joffé
The Money Pit,1986,https://boxd.it/1Wc6,3,Richard Benjamin
The Mosquito Coast,1986,https://boxd.it/1UAA,3,Peter Weir
The Passion of the Christ,2004,https://boxd.it/29ZK,3,Mel Gibson
The Saint,1997,https://boxd.it/1Xkq,3,Phillip Noyce
The Shipping News,2001,https://boxd.it/21Ho,3,Lasse Hallström
The Simpsons Movie,2007,https://boxd.it/6YU,3,David Silverman
The Terminal,2004,https://boxd.it/2a2O,3,Steven Spielberg
The Thomas Crown Affair,1999,https://boxd.it/29im,3,John McTiernan
The Thursday Murder Club,2025,https://boxd.it/rXju,3,Chris Columbus
The Transporter,2002,https://boxd.it/24Nu,3,"Corey Yuen, Louis Leterrier"
The Vanishing,1993,https://boxd.it/28pm,3,George Sluizer
The Wings of the Dove,1997,https://boxd.it/P8a,3,Iain Softley
The Witches of Eastwick,1987,https://boxd.it/2272,3,George Miller
There's Something About Mary,1998,https://boxd.it/2aae,3,"Bobby Farrelly, Peter Farrelly"
Thor: Love and Thunder,2022,https://boxd.it/mMAY,3,Taika Waititi
Thunderbolts*,2025,https://boxd.it/BfbQ,3,Jake Schreier
Titan A.E.,2000,https://boxd.it/20W8,3,"Don Bluth, Gary Goldman"
Tremors,1990,https://boxd.it/1YSe,3,Ron Underwood
Troy,2004,https://boxd.it/29TW,3,Wolfgang Petersen
Up in the Air,2009,https://boxd.it/1zPY,3,Jason Reitman
Vanilla Sky,2001,https://boxd.it/27TK,3,Cameron Crowe
Venom,2018,https://boxd.it/b8wA,3,Ruben Fleischer
War of the Worlds,2005,https://boxd.it/2bde,3,Steven Spielberg
Waterworld,1995,https://boxd.it/1XLG,3,Kevin Reynolds
Waydowntown,2000,https://boxd.it/1P9a,3,Gary Burns
Wedding Crashers,2005,https://boxd.it/1Yte,3,David Dobkin
Welcome to Collinwood,2002,https://boxd.it/1Z8c,3,"Anthony Russo, Joe Russo"
Wild Things,1998,https://boxd.it/29Zq,3,John McNaughton
Young Guns,1988,https://boxd.it/1SEq,3,Christopher Cain
Zoolander,2001,https://boxd.it/1YMA,3,Ben Stiller
A.I. Artificial Intelligence,2001,https://boxd.it/29Ve,2.5,Steven Spielberg
Ant-Man and the Wasp: Quantumania,2023,https://boxd.it/nL2y,2.5,Peyton Reed
Armageddon,1998,https://boxd.it/2b9Q,2.5,Michael Bay
Back to the Future Part III,1990,https://boxd.it/2aTS,2.5,Robert Zemeckis
Batman Returns,1992,https://boxd.it/2awa,2.5,Tim Burton
Black Adam,2022,https://boxd.it/fup0,2.5,Jaume Collet-Serra
Diabolique,1996,https://boxd.it/1UV4,2.5,Jeremiah S. Chechik
First Knight,1995,https://boxd.it/21zY,2.5,Jerry Zucker
Full Frontal,2002,https://boxd.it/1MEu,2.5,Steven Soderbergh
Home Alone 2: Lost in New York,1992,https://boxd.it/29F6,2.5,Chris Columbus
Intolerable Cruelty,2003,https://boxd.it/1T7i,2.5,Joel Coen
Jay and Silent Bob Strike Back,2001,https://boxd.it/26ZM,2.5,Kevin Smith
Johnny Mnemonic,1995,https://boxd.it/1XBQ,2.5,Robert Longo
Love Actually,2003,https://boxd.it/2aeU,2.5,Richard Curtis
Meet Joe Black,1998,https://boxd.it/2aEI,2.5,Martin Brest
Meet the Fockers,2004,https://boxd.it/29NE,2.5,Jay Roach
Nacho Libre,2006,https://boxd.it/1YTG,2.5,Jared Hess
Predator 2,1990,https://boxd.it/2aY4,2.5,Stephen Hopkins
Raw Deal,1986,https://boxd.it/27rw,2.5,John Irvin
Ready Player One,2018,https://boxd.it/aZes,2.5,Steven Spielberg
Rising Sun,1993,https://boxd.it/21d4,2.5,Philip Kaufman
Sahara,2005,https://boxd.it/20XK,2.5,Breck Eisner
Serendipity,2001,https://boxd.it/1XPy,2.5,Peter Chelsom
Star Wars: Episode I – The Phantom Menace,1999,https://boxd.it/27Vc,2.5,George Lucas
Star Wars: Episode II – Attack of the Clones,2002,https://boxd.it/27V2,2.5,George Lucas
Terminator 3: Rise of the Machines,2003,https://boxd.it/2aES,2.5,Jonathan Mostow
The Da Vinci Code,2006,https://boxd.it/2a3i,2.5,Ron Howard
The Day the Earth Stood Still,2008,https://boxd.it/1WQ6,2.5,Scott Derrickson
The Grudge,2004,https://boxd.it/27Jq,2.5,Takashi Shimizu
The Hunt for Red October,1990,https://boxd.it/28lk,2.5,John McTiernan
The Lover,1992,https://boxd.it/1UU6,2.5,Jean-Jacques Annaud
The River Wild,1994,https://boxd.it/1Zr4,2.5,Curtis Hanson
Above the Law,1988,https://boxd.it/1YN4,2,Andrew Davis
Solarbabies,1986,https://boxd.it/1a4y,2,Alan Johnson
The Avengers,1998,https://boxd.it/1YYG,2,Jeremiah S. Chechik
The Brothers Grimm,2005,https://boxd.it/24kW,2,Terry Gilliam
The Day After Tomorrow,2004,https://boxd.it/2aog,2,Roland Emmerich
The Tourist,2010,https://boxd.it/17Hs,2,Florian Henckel von Donnersmarck
Under Siege,1992,https://boxd.it/1ZLy,2,Andrew Davis
Avengers: Age of Ultron,2015,https://boxd.it/3qi6,NA,Joss Whedon
Avengers: Endgame,2019,https://boxd.it/9vE4,NA,"Joe Russo, Anthony Russo"
Avengers: Infinity War,2018,https://boxd.it/9vEe,NA,"Anthony Russo, Joe Russo"
Baby Driver,2017,https://boxd.it/bhF2,NA,Edgar Wright
Baby Mama,2008,https://boxd.it/1ZQe,NA,Michael McCullers
Bad Teacher,2011,https://boxd.it/yXA,NA,Jake Kasdan
Be Kind Rewind,2008,https://boxd.it/23Au,NA,Michel Gondry
Black Panther,2018,https://boxd.it/8MHs,NA,Ryan Coogler
Borat Subsequent Moviefilm,2020,https://boxd.it/rNS0,NA,Jason Woliner
Captain America: The First Avenger,2011,https://boxd.it/28b0,NA,Joe Johnston
Captain Marvel,2019,https://boxd.it/9vSA,NA,"Ryan Fleck, Anna Boden"
Chef,2014,https://boxd.it/6lCG,NA,Jon Favreau
Click,2006,https://boxd.it/1YVM,NA,Frank Coraci
Cyrus,2010,https://boxd.it/14zA,NA,"Jay Duplass, Mark Duplass"
Deadpool,2016,https://boxd.it/9fOC,NA,Tim Miller
Deadpool 2,2018,https://boxd.it/dlLM,NA,David Leitch
Death on the Nile,2022,https://boxd.it/ifpg,NA,Kenneth Branagh
Despicable Me,2010,https://boxd.it/1DD8,NA,"Pierre Coffin, Chris Renaud"
Despicable Me 3,2017,https://boxd.it/azpu,NA,"Pierre Coffin, Kyle Balda"
Dirty Dancing,1987,https://boxd.it/2baY,NA,Emile Ardolino
Encanto,2021,https://boxd.it/kPRu,NA,"Byron Howard, Jared Bush"
Funny People,2009,https://boxd.it/1CRy,NA,Judd Apatow
Get Him to the Greek,2010,https://boxd.it/1gyk,NA,Nicholas Stoller
Guardians of the Galaxy,2014,https://boxd.it/3VH2,NA,James Gunn
Guardians of the Galaxy Vol. 2,2017,https://boxd.it/8MxC,NA,James Gunn
Guardians of the Galaxy Vol. 3,2023,https://boxd.it/fVNI,NA,James Gunn
How to Train Your Dragon,2010,https://boxd.it/1WRy,NA,"Chris Sanders, Dean DeBlois"
Inception,2010,https://boxd.it/1skk,NA,Christopher Nolan
Inside Out,2015,https://boxd.it/4KHC,NA,Pete Docter
Iron Man,2008,https://boxd.it/28dA,NA,Jon Favreau
Iron Man 3,2013,https://boxd.it/2cBQ,NA,Shane Black
Jackass 3D,2010,https://boxd.it/1KpM,NA,Jeff Tremaine
Jackass Presents: Bad Grandpa,2013,https://boxd.it/6e3u,NA,Jeff Tremaine
John Carter,2012,https://boxd.it/FQ2,NA,Andrew Stanton
John Wick,2014,https://boxd.it/7dEc,NA,Chad Stahelski
John Wick: Chapter 3 – Parabellum,2019,https://boxd.it/gmFw,NA,Chad Stahelski
Jungle Cruise,2021,https://boxd.it/g4YK,NA,Jaume Collet-Serra
Kung Fu Panda,2008,https://boxd.it/1Yws,NA,"Mark Osborne, John Stevenson"
Lakeview Terrace,2008,https://boxd.it/1Qv2,NA,Neil LaBute
Limitless,2011,https://boxd.it/Aly,NA,Neil Burger
M,1931,https://boxd.it/29vq,NA,Fritz Lang
Megamind,2010,https://boxd.it/16Sk,NA,Tom McGrath
Metropolis,1927,https://boxd.it/71a,NA,Fritz Lang
Minions,2015,https://boxd.it/6jCO,NA,"Kyle Balda, Pierre Coffin"
Mission: Impossible – Fallout,2018,https://boxd.it/bSVc,NA,Christopher McQuarrie
Mission: Impossible – Rogue Nation,2015,https://boxd.it/5rI4,NA,Christopher McQuarrie
Nobody,2021,https://boxd.it/mLqS,NA,Ilya Naishuller
Notorious,1946,https://boxd.it/2aDK,NA,Alfred Hitchcock
Ocean's Eight,2018,https://boxd.it/eaai,NA,Gary Ross
Puss in Boots,2011,https://boxd.it/eL34,NA,Chris Miller
Rebecca,1940,https://boxd.it/2aQa,NA,Alfred Hitchcock
Ring,1998,https://boxd.it/26tw,NA,Hideo Nakata
Rio 2,2014,https://boxd.it/5jfy,NA,Carlos Saldanha
Rumble in the Bronx,1995,https://boxd.it/1fi6,NA,Stanley Tong Gwai-Lai
Shall We Dance?,1996,https://boxd.it/1UhS,NA,Masayuki Suō
Sherlock Holmes: A Game of Shadows,2011,https://boxd.it/k3S,NA,Guy Ritchie
Spellbound,1945,https://boxd.it/24Ji,NA,Alfred Hitchcock
Spider-Man: Across the Spider-Verse,2023,https://boxd.it/kSz4,NA,"Kemp Powers, Justin K. Thompson, Joaquim Dos Santos"
Spider-Man: Far From Home,2019,https://boxd.it/fegG,NA,Jon Watts
Spider-Man: Homecoming,2017,https://boxd.it/aboM,NA,Jon Watts
Star Wars: The Force Awakens,2015,https://boxd.it/4vru,NA,J.J. Abrams
Star Wars: The Rise of Skywalker,2019,https://boxd.it/5xlK,NA,J.J. Abrams
Step Brothers,2008,https://boxd.it/1SsE,NA,Adam McKay
Tangled,2010,https://boxd.it/15gO,NA,"Byron Howard, Nathan Greno"
The 39 Steps,1935,https://boxd.it/2aKc,NA,Alfred Hitchcock
The Amazing Spider-Man,2012,https://boxd.it/27PI,NA,Marc Webb
The Amazing Spider-Man 2,2014,https://boxd.it/3utM,NA,Marc Webb
The Flash,2023,https://boxd.it/9twC,NA,Andy Muschietti
The Hangover,2009,https://boxd.it/1GjK,NA,Todd Phillips
The Hangover Part II,2011,https://boxd.it/PZI,NA,Todd Phillips
The Lego Batman Movie,2017,https://boxd.it/azp0,NA,Chris McKay
The Most Dangerous Game,1932,https://boxd.it/27Gc,NA,"Irving Pichel, Ernest B. Schoedsack"
The Muppets,2011,https://boxd.it/1zg,NA,James Bobin
The Passion of Joan of Arc,1928,https://boxd.it/29DO,NA,Carl Theodor Dreyer
The Rules of the Game,1939,https://boxd.it/29Es,NA,Jean Renoir
The Song of Styrene,1957,https://boxd.it/LPE,NA,Alain Resnais
The Wizard of Oz,1939,https://boxd.it/29Xu,NA,Victor Fleming
This Is 40,2012,https://boxd.it/39WI,NA,Judd Apatow
Thor: Ragnarok,2017,https://boxd.it/8MHi,NA,Taika Waititi
Toy Story 3,2010,https://boxd.it/1WRe,NA,Lee Unkrich
Toy Story 4,2019,https://boxd.it/9ALu,NA,Josh Cooley
Tropic Thunder,2008,https://boxd.it/20WM,NA,Ben Stiller
UHF,1989,https://boxd.it/1SFI,NA,Jay Levey
Un Chien Andalou,1929,https://boxd.it/29Y8,NA,Luis Buñuel
WALL·E,2008,https://boxd.it/1VEo,NA,Andrew Stanton
Where the Wild Things Are,2009,https://boxd.it/1K0C,NA,Spike Jonze
X-Men: First Class,2011,https://boxd.it/FOA,NA,Matthew Vaughn
Zombieland,2009,https://boxd.it/1En6,NA,Ruben Fleischer
Zootopia,2016,https://boxd.it/84xS,NA,"Byron Howard, Rich Moore"
