Date,Name,Year,Letterboxd URI,Rating
2023-03-20,Spirited Away,2001,https://boxd.it/2b4m,5
2023-03-20,Central Station,1998,https://boxd.it/29RG,4
2023-03-20,High and Low,1963,https://boxd.it/1RSc,5
2023-03-20,Whiplash,2014,https://boxd.it/7bQA,5
2023-03-20,Ran,1985,https://boxd.it/1Tlu,5
2023-03-21,Tokyo Story,1953,https://boxd.it/1HuY,5
2023-03-23,Eternal Sunshine of the Spotless Mind,2004,https://boxd.it/6YK,5
2023-03-23,The Batman,2022,https://boxd.it/eDGs,4
2023-03-23,Dune,2021,https://boxd.it/fA7G,4
2023-03-23,Taxi Driver,1976,https://boxd.it/2b8y,4.5
2023-03-23,Memento,2000,https://boxd.it/2bcK,4.5
2023-03-23,The Worst Person in the World,2021,https://boxd.it/oyws,5
2023-03-23,Once Upon a Time... in Hollywood,2019,https://boxd.it/gH0O,4
2023-03-23,Isle of Dogs,2018,https://boxd.it/dZrW,4
2023-03-23,Rogue One: A Star Wars Story,2016,https://boxd.it/aPvy,3.5
2023-03-23,The Jungle Book,2016,https://boxd.it/8wjk,4
2023-03-23,Mad Max: Fury Road,2015,https://boxd.it/2DjO,5
2023-03-23,Her,2013,https://boxd.it/4O24,4.5
2023-03-23,Inside Llewyn Davis,2013,https://boxd.it/34Ro,4
2023-03-23,Django Unchained,2012,https://boxd.it/2cCk,4.5
2023-03-23,Silver Linings Playbook,2012,https://boxd.it/2TTo,5
2023-03-23,Thor,2011,https://boxd.it/1WQU,3.5
2023-03-23,The Green Hornet,2011,https://boxd.it/10TQ,3.5
2023-03-23,13 Assassins,2010,https://boxd.it/jqc,4
2023-03-23,Shutter Island,2010,https://boxd.it/1U82,3.5
2023-03-23,Fish Tank,2009,https://boxd.it/1xBg,4.5
2023-03-23,Inglourious Basterds,2009,https://boxd.it/1JzG,4.5
2023-03-23,Ip Man,2008,https://boxd.it/1NrQ,3.5
2023-03-23,The Curious Case of Benjamin Button,2008,https://boxd.it/23Fk,5
2023-03-23,Man on Wire,2008,https://boxd.it/1ORK,5
2023-03-23,Up the Yangtze,2007,https://boxd.it/1MwA,4
2023-03-23,"4 Months, 3 Weeks and 2 Days",2007,https://boxd.it/27DW,5
2023-03-23,The Prestige,2006,https://boxd.it/293w,4
2023-03-23,The Departed,2006,https://boxd.it/28MA,3.5
2023-03-23,Babel,2006,https://boxd.it/292o,4
2023-03-23,The Fountain,2006,https://boxd.it/28RU,4.5
2023-03-23,Lady in the Water,2006,https://boxd.it/1Y1E,3.5
2023-03-23,Capote,2005,https://boxd.it/2atq,5
2023-03-23,Lady Vengeance,2005,https://boxd.it/248G,4.5
2023-03-23,The Child,2005,https://boxd.it/1TJm,4.5
2023-03-23,A History of Violence,2005,https://boxd.it/2bfa,4.5
2023-03-23,The Life Aquatic with Steve Zissou,2004,https://boxd.it/2aqw,4
2023-03-23,Sideways,2004,https://boxd.it/1Y5c,3.5
2023-03-23,The Polar Express,2004,https://boxd.it/23am,3.5
2023-03-23,Three... Extremes,2004,https://boxd.it/1eGw,4.5
2023-03-23,House of Flying Daggers,2004,https://boxd.it/1YoI,3.5
2023-03-23,Troy,2004,https://boxd.it/29TW,3
2023-03-23,Mean Girls,2004,https://boxd.it/1VNg,4
2023-03-23,The Ladykillers,2004,https://boxd.it/22Z4,4.5
2023-03-23,Oldboy,2003,https://boxd.it/29R2,5
2023-03-23,21 Grams,2003,https://boxd.it/2ajK,3.5
2023-03-23,The Dreamers,2003,https://boxd.it/28X4,4.5
2023-03-23,Lost in Translation,2003,https://boxd.it/2b0E,4
2023-03-23,"Goodbye, Dragon Inn",2003,https://boxd.it/oFG,4
2023-03-23,Finding Nemo,2003,https://boxd.it/72i,4.5
2023-03-23,The Brown Bunny,2003,https://boxd.it/1RnI,3.5
2023-03-23,Elephant,2003,https://boxd.it/287i,3.5
2023-03-23,Mystic River,2003,https://boxd.it/2aAG,3.5
2023-03-23,"Good Bye, Lenin!",2003,https://boxd.it/2ayA,4
2023-03-23,Ong-Bak,2003,https://boxd.it/1YZk,4
2023-03-23,25th Hour,2002,https://boxd.it/28LC,4
2023-03-23,Gangs of New York,2002,https://boxd.it/25FG,3
2023-03-23,Adaptation.,2002,https://boxd.it/26mA,4
2023-03-23,Spider,2002,https://boxd.it/1YeI,3
2023-03-23,Phone Booth,2002,https://boxd.it/285G,3
2023-03-23,8 Mile,2002,https://boxd.it/2bew,4
2023-03-23,Ripley's Game,2002,https://boxd.it/1UZg,3.5
2023-03-23,Hero,2002,https://boxd.it/2bcq,4
2023-03-23,Minority Report,2002,https://boxd.it/2aWi,4
2023-03-23,Irreversible,2002,https://boxd.it/29as,4
2023-03-23,About Schmidt,2002,https://boxd.it/26mU,4.5
2023-03-23,City of God,2002,https://boxd.it/2a2a,5
2023-03-23,Insomnia,2002,https://boxd.it/2aB0,4
2023-03-25,Hotel Rwanda,2004,https://boxd.it/2aSA,4
2023-03-25,Citizen Kane,1941,https://boxd.it/71O,4
2023-03-25,Bicycle Thieves,1948,https://boxd.it/23hW,5
2023-03-25,The Third Man,1949,https://boxd.it/294E,4.5
2023-03-25,Late Spring,1949,https://boxd.it/1DkK,5
2023-03-25,Stray Dog,1949,https://boxd.it/1ltu,5
2023-03-25,Rashomon,1950,https://boxd.it/2a9K,5
2023-03-25,Diary of a Country Priest,1951,https://boxd.it/UDC,4.5
2023-03-25,Early Summer,1951,https://boxd.it/E4G,4.5
2023-03-25,Umberto D.,1952,https://boxd.it/29vg,5
2023-03-25,Ikiru,1952,https://boxd.it/251c,5
2023-03-25,Monsieur Hulot's Holiday,1953,https://boxd.it/29E8,5
2023-03-25,The Wages of Fear,1953,https://boxd.it/2aSK,5
2023-03-25,I Vitelloni,1953,https://boxd.it/1RJE,4
2023-03-25,Seven Samurai,1954,https://boxd.it/2axi,5
2023-03-25,Rear Window,1954,https://boxd.it/2a6Q,4.5
2023-03-25,I Live in Fear,1955,https://boxd.it/1BOo,4
2023-03-25,Night and Fog,1956,https://boxd.it/29A6,5
2023-03-25,The Seventh Seal,1957,https://boxd.it/2ahO,4.5
2023-03-25,Nights of Cabiria,1957,https://boxd.it/1F7e,4
2023-03-25,The Cranes Are Flying,1957,https://boxd.it/169Y,4
2023-03-25,Wild Strawberries,1957,https://boxd.it/29ZU,5
2023-03-25,Mon Oncle,1958,https://boxd.it/2apy,5
2023-03-25,The Hidden Fortress,1958,https://boxd.it/295M,4
2023-03-25,The 400 Blows,1959,https://boxd.it/2b1C,4
2023-03-25,Hiroshima Mon Amour,1959,https://boxd.it/22WY,5
2023-03-25,Good Morning,1959,https://boxd.it/2lkk,4.5
2023-03-25,Ballad of a Soldier,1959,https://boxd.it/MPq,4.5
2023-03-25,La Dolce Vita,1960,https://boxd.it/2anC,4
2023-03-25,L'Avventura,1960,https://boxd.it/23hs,4
2023-03-25,Psycho,1960,https://boxd.it/2ab2,5
2023-03-25,Kapo,1960,https://boxd.it/Ou0,4
2023-03-25,Spartacus,1960,https://boxd.it/29bq,3.5
2023-03-25,Yojimbo,1961,https://boxd.it/1SRY,4
2023-03-25,Last Year at Marienbad,1961,https://boxd.it/24Qe,5
2023-03-25,Breakfast at Tiffany's,1961,https://boxd.it/2aYS,4
2023-03-25,Jules and Jim,1962,https://boxd.it/28rM,4
2023-03-25,La Jetée,1962,https://boxd.it/29Sk,4
2023-03-25,Lolita,1962,https://boxd.it/29Ag,4
2023-03-25,The Trial,1962,https://boxd.it/25Xg,4.5
2023-03-25,The Leopard,1963,https://boxd.it/296K,4.5
2023-03-25,Lord of the Flies,1963,https://boxd.it/1Xqy,3.5
2023-03-25,Billy Liar,1963,https://boxd.it/1tGQ,3.5
2023-03-25,A Fistful of Dollars,1964,https://boxd.it/2auo,4
2023-03-25,Dr. Strangelove or: How I Learned to Stop Worrying and Love the Bomb,1964,https://boxd.it/29eY,4.5
2023-03-25,Alphaville,1965,https://boxd.it/20AG,3
2023-03-25,"Faster, Pussycat! Kill! Kill!",1965,https://boxd.it/2aBO,4
2023-03-25,Tokyo Drifter,1966,https://boxd.it/OTY,4
2023-03-25,Au Hasard Balthazar,1966,https://boxd.it/1E3g,5
2023-03-25,Blow-Up,1966,https://boxd.it/2966,4
2023-03-25,"The Good, the Bad and the Ugly",1966,https://boxd.it/2ape,4
2023-03-25,The Jungle Book,1967,https://boxd.it/1YY2,4.5
2023-03-25,Le Samouraï,1967,https://boxd.it/22ZI,5
2023-03-25,PlayTime,1967,https://boxd.it/1WLK,5
2023-03-25,The Graduate,1967,https://boxd.it/18Im,4
2023-03-25,2001: A Space Odyssey,1968,https://boxd.it/2bf0,5
2023-03-25,"Je T'Aime, Je T'Aime",1968,https://boxd.it/23P0,4
2023-03-25,Rosemary's Baby,1968,https://boxd.it/29zM,4
2023-03-25,Stolen Kisses,1968,https://boxd.it/2aL0,4
2023-03-25,Bullitt,1968,https://boxd.it/29i2,4
2023-03-25,Midnight Cowboy,1969,https://boxd.it/25Hi,4
2023-03-25,The Wild Bunch,1969,https://boxd.it/2a5y,4.5
2023-03-25,The Out-of-Towners,1970,https://boxd.it/1Dt8,3.5
2023-03-25,Catch-22,1970,https://boxd.it/1WrK,3.5
2023-03-25,Bed and Board,1970,https://boxd.it/2aKw,3.5
2023-03-25,Dodes'ka-den,1970,https://boxd.it/1fVs,4.5
2023-03-25,Get Carter,1971,https://boxd.it/28HU,3.5
2023-03-25,Trafic,1971,https://boxd.it/1TZu,4
2023-03-25,The French Connection,1971,https://boxd.it/296g,4.5
2023-03-25,A Clockwork Orange,1971,https://boxd.it/2aVE,5
2023-03-25,Straw Dogs,1971,https://boxd.it/2982,4.5
2023-03-25,The Harder They Come,1972,https://boxd.it/20RC,4
2023-03-25,The Discreet Charm of the Bourgeoisie,1972,https://boxd.it/2440,4
2023-03-25,The Mother and the Whore,1973,https://boxd.it/HQe,5
2023-03-25,Mean Streets,1973,https://boxd.it/2aSU,4
2023-03-25,Amarcord,1973,https://boxd.it/20NA,3.5
2023-03-25,The Exorcist,1973,https://boxd.it/1Yoo,4
2023-03-25,Ali: Fear Eats the Soul,1974,https://boxd.it/2aRi,5
2023-03-25,The Night Porter,1974,https://boxd.it/1tsk,4
2023-03-25,Hearts and Minds,1974,https://boxd.it/WSE,4.5
2023-03-25,Bring Me the Head of Alfredo Garcia,1974,https://boxd.it/1SIs,4.5
2023-03-25,Scenes from a Marriage,1974,https://boxd.it/4kJC,4.5
2023-03-25,Swept Away,1974,https://boxd.it/17cY,4
2023-03-25,Dersu Uzala,1975,https://boxd.it/1XRO,4.5
2023-03-25,One Flew Over the Cuckoo's Nest,1975,https://boxd.it/2aeA,5
2023-03-25,Barry Lyndon,1975,https://boxd.it/25A2,5
2023-03-25,The Man Who Fell to Earth,1976,https://boxd.it/298w,4
2023-03-25,In the Realm of the Senses,1976,https://boxd.it/22qS,4
2023-03-25,Rocky,1976,https://boxd.it/28Uk,3.5
2023-03-25,Annie Hall,1977,https://boxd.it/29M2,3.5
2023-03-25,Star Wars,1977,https://boxd.it/72s,3.5
2023-03-25,The American Friend,1977,https://boxd.it/1UkC,4.5
2023-03-25,House,1977,https://boxd.it/1vsm,4
2023-03-25,Grease,1978,https://boxd.it/29YW,4
2023-03-25,Animal House,1978,https://boxd.it/2062,3.5
2023-03-25,Superman,1978,https://boxd.it/27Qm,3.5
2023-03-25,Nosferatu the Vampyre,1979,https://boxd.it/21J0,3.5
2023-03-25,Love on the Run,1979,https://boxd.it/2aKm,3.5
2023-03-25,Manhattan,1979,https://boxd.it/29Na,4
2023-03-25,Apocalypse Now,1979,https://boxd.it/6ZS,5
2023-03-25,Alien,1979,https://boxd.it/2awY,4.5
2023-03-25,The Jerk,1979,https://boxd.it/21EO,4.5
2023-03-25,The Castle of Cagliostro,1979,https://boxd.it/1Mn4,4.5
2023-03-25,American Gigolo,1980,https://boxd.it/26l8,3.5
2023-03-25,Werner Herzog Eats His Shoe,1980,https://boxd.it/3pcw,4
2023-03-25,Kagemusha,1980,https://boxd.it/1SGG,4
2023-03-25,The Empire Strikes Back,1980,https://boxd.it/27Vw,4
2023-03-25,My American Uncle,1980,https://boxd.it/13qC,4
2023-03-25,The Shining,1980,https://boxd.it/29Nu,5
2023-03-25,The Blues Brothers,1980,https://boxd.it/2adi,3.5
2023-03-25,The Elephant Man,1980,https://boxd.it/27LQ,3.5
2023-03-25,Raging Bull,1980,https://boxd.it/28yI,4.5
2023-03-25,Superman II,1980,https://boxd.it/204q,3
2023-03-25,Scanners,1981,https://boxd.it/1YqE,3
2023-03-25,Raiders of the Lost Ark,1981,https://boxd.it/2bbs,4.5
2023-03-25,Heavy Metal,1981,https://boxd.it/1SZI,3
2023-03-25,Das Boot,1981,https://boxd.it/2av2,4
2023-03-25,My Dinner with Andre,1981,https://boxd.it/1vLe,5
2023-03-25,Conan the Barbarian,1982,https://boxd.it/1YOm,3
2023-03-25,Koyaanisqatsi,1982,https://boxd.it/1U9E,4.5
2023-03-25,E.T. the Extra-Terrestrial,1982,https://boxd.it/2a1G,4
2023-03-25,Star Trek II: The Wrath of Khan,1982,https://boxd.it/2b0u,3
2023-03-25,The Secret of NIMH,1982,https://boxd.it/1Tc8,4.5
2023-03-25,Blade Runner,1982,https://boxd.it/2bcA,4.5
2023-03-25,Tron,1982,https://boxd.it/2b9w,3.5
2023-03-25,First Blood,1982,https://boxd.it/28U0,3
2023-03-25,48 Hrs.,1982,https://boxd.it/2b18,3
2023-03-25,Videodrome,1983,https://boxd.it/29uC,4.5
2023-03-25,Nostalgia,1983,https://boxd.it/28Qi,4.5
2023-03-25,Christine,1983,https://boxd.it/1ZRQ,3.5
2023-03-25,Return of the Jedi,1983,https://boxd.it/27Vm,4
2023-03-25,National Lampoon's Vacation,1983,https://boxd.it/1Uvq,3
2023-03-25,Krull,1983,https://boxd.it/29sG,3
2023-03-25,The Big Chill,1983,https://boxd.it/1RHI,4
2023-03-25,Scarface,1983,https://boxd.it/2b7g,3.5
2023-03-25,Footloose,1984,https://boxd.it/288A,4
2023-03-25,Blood Simple,1984,https://boxd.it/1U16,4
2023-03-25,The NeverEnding Story,1984,https://boxd.it/1dE0,3.5
2023-03-25,Indiana Jones and the Temple of Doom,1984,https://boxd.it/2bb8,3.5
2023-03-25,Gremlins,1984,https://boxd.it/29gg,3
2023-03-25,Ghostbusters,1984,https://boxd.it/g2w,3.5
2023-03-25,Amadeus,1984,https://boxd.it/2aH8,4.5
2023-03-25,The Terminator,1984,https://boxd.it/2aQY,4
2023-03-25,Dune,1984,https://boxd.it/29tY,3.5
2023-03-25,Beverly Hills Cop,1984,https://boxd.it/2baE,3.5
2023-03-25,Rambo: First Blood Part II,1985,https://boxd.it/28TQ,3
2023-03-25,The Goonies,1985,https://boxd.it/1YVC,3.5
2023-03-25,Back to the Future,1985,https://boxd.it/2b8e,4.5
2023-03-25,Commando,1985,https://boxd.it/1UTs,3
2023-03-25,Re-Animator,1985,https://boxd.it/28hM,4
2023-03-25,Blue Velvet,1986,https://boxd.it/29BI,5
2023-03-25,Hannah and Her Sisters,1986,https://boxd.it/23jy,5
2023-03-25,The Money Pit,1986,https://boxd.it/1Wc6,3
2023-03-25,Betty Blue,1986,https://boxd.it/1SBw,4.5
2023-03-25,Sid and Nancy,1986,https://boxd.it/1N6e,3.5
2023-03-25,Top Gun,1986,https://boxd.it/29JC,3.5
2023-03-25,Down by Law,1986,https://boxd.it/28CA,4
2023-03-25,Big Trouble in Little China,1986,https://boxd.it/21em,3.5
2023-03-25,Raw Deal,1986,https://boxd.it/27rw,2.5
2023-03-25,Ferris Bueller's Day Off,1986,https://boxd.it/1YPY,4
2023-03-25,Labyrinth,1986,https://boxd.it/1POC,3.5
2023-03-25,Aliens,1986,https://boxd.it/29PA,3.5
2023-03-25,Maximum Overdrive,1986,https://boxd.it/1XnO,3
2023-03-25,Stand by Me,1986,https://boxd.it/2aOe,3.5
2023-03-25,Manhunter,1986,https://boxd.it/1TOw,4
2023-03-25,The Mission,1986,https://boxd.it/1TTw,3
2023-03-25,The Color of Money,1986,https://boxd.it/1SSM,4
2023-03-25,The Mosquito Coast,1986,https://boxd.it/1UAA,3
2023-03-25,Solarbabies,1986,https://boxd.it/1a4y,2
2023-03-25,Platoon,1986,https://boxd.it/29BS,4.5
2023-03-25,Little Shop of Horrors,1986,https://boxd.it/1Vqm,4
2023-03-25,Raising Arizona,1987,https://boxd.it/2avQ,4
2023-03-25,Lethal Weapon,1987,https://boxd.it/29e0,3.5
2023-03-25,The Untouchables,1987,https://boxd.it/2b6i,3.5
2023-03-25,Predator,1987,https://boxd.it/2b84,4
2023-03-25,The Witches of Eastwick,1987,https://boxd.it/2272,3
2023-03-25,Full Metal Jacket,1987,https://boxd.it/2a1Q,5
2023-03-25,Roxanne,1987,https://boxd.it/1TuG,3.5
2023-03-25,RoboCop,1987,https://boxd.it/22Wu,4.5
2023-03-25,Barfly,1987,https://boxd.it/1V2a,4
2023-03-25,"Planes, Trains and Automobiles",1987,https://boxd.it/26zE,4
2023-03-25,Moonstruck,1987,https://boxd.it/27zg,3.5
2023-03-25,Wall Street,1987,https://boxd.it/1VFG,3.5
2023-03-25,The Unbearable Lightness of Being,1988,https://boxd.it/1VKc,4.5
2023-03-25,Hairspray,1988,https://boxd.it/1UKK,3.5
2023-03-25,Young Guns,1988,https://boxd.it/1SEq,3
2023-03-25,Bloodsport,1988,https://boxd.it/1Tee,3
2023-03-25,Women on the Verge of a Nervous Breakdown,1988,https://boxd.it/24GI,4
2023-03-25,Above the Law,1988,https://boxd.it/1YN4,2
2023-03-25,Willow,1988,https://boxd.it/29t0,3.5
2023-03-25,The Last Temptation of Christ,1988,https://boxd.it/1ULe,4
2023-03-25,Big,1988,https://boxd.it/271S,3.5
2023-03-25,Who Framed Roger Rabbit,1988,https://boxd.it/29ry,4
2023-03-25,Die Hard,1988,https://boxd.it/2a7u,4
2023-03-25,A Fish Called Wanda,1988,https://boxd.it/29YC,4.5
2023-03-25,Akira,1988,https://boxd.it/2b1i,5
2023-03-25,The Vanishing,1988,https://boxd.it/1ZTW,5
2023-03-25,Dead Ringers,1988,https://boxd.it/1Yqk,5
2023-03-25,The Accused,1988,https://boxd.it/1VbQ,3.5
2023-03-25,Heathers,1989,https://boxd.it/26x4,4
2023-03-25,Rain Man,1988,https://boxd.it/2avw,4
2023-03-25,Dirty Rotten Scoundrels,1988,https://boxd.it/1WZi,3.5
2023-03-25,Working Girl,1988,https://boxd.it/25ha,3.5
2023-03-25,Coffee and Cigarettes II,1989,https://boxd.it/7Ram,4
2023-03-25,Bill & Ted's Excellent Adventure,1989,https://boxd.it/28oI,4
2023-03-25,The 'Burbs,1989,https://boxd.it/1SDi,3
2023-03-25,My Left Foot: The Story of Christy Brown,1989,https://boxd.it/1WW4,4
2023-03-25,Indiana Jones and the Last Crusade,1989,https://boxd.it/2baO,4
2023-03-25,Batman,1989,https://boxd.it/2aIU,3.5
2023-03-25,The Killer,1989,https://boxd.it/1Vha,4.5
2023-03-25,"sex, lies, and videotape",1989,https://boxd.it/28Oc,4
2023-03-25,The Abyss,1989,https://boxd.it/26mK,4
2023-03-25,Violent Cop,1989,https://boxd.it/1Rym,4
2023-03-25,"The Cook, the Thief, His Wife & Her Lover",1989,https://boxd.it/20VO,4.5
2023-03-25,Drugstore Cowboy,1989,https://boxd.it/2aj6,3.5
2023-03-25,The Fabulous Baker Boys,1989,https://boxd.it/1VaI,3.5
2023-03-25,The Little Mermaid,1989,https://boxd.it/1WYO,4
2023-03-25,Back to the Future Part II,1989,https://boxd.it/2aYI,3.5
2023-03-25,Tie Me Up! Tie Me Down!,1989,https://boxd.it/26FW,4.5
2023-03-25,Tremors,1990,https://boxd.it/1YSe,3
2023-03-25,The Hunt for Red October,1990,https://boxd.it/28lk,2.5
2023-03-25,Dances with Wolves,1990,https://boxd.it/2a4K,3.5
2023-03-25,Tales from the Darkside: The Movie,1990,https://boxd.it/1D2c,3.5
2023-03-25,Dreams,1990,https://boxd.it/1ROu,4.5
2023-03-25,Back to the Future Part III,1990,https://boxd.it/2aTS,2.5
2023-03-25,Total Recall,1990,https://boxd.it/29qK,4.5
2023-03-25,Slacker,1990,https://boxd.it/1OUu,4
2023-03-25,Flatliners,1990,https://boxd.it/28D4,3
2023-03-25,Men at Work,1990,https://boxd.it/1WUM,3
2023-03-25,Miller's Crossing,1990,https://boxd.it/2avG,4
2023-03-25,The King of the Kickboxers,1990,https://boxd.it/2cbo,4
2023-03-25,Home Alone,1990,https://boxd.it/29Fg,3.5
2023-03-25,Predator 2,1990,https://boxd.it/2aY4,2.5
2023-03-25,Misery,1990,https://boxd.it/28gY,4
2023-03-25,The Silence of the Lambs,1991,https://boxd.it/2aHW,4.5
2023-03-25,L.A. Story,1991,https://boxd.it/27qe,3
2023-03-25,The Doors,1991,https://boxd.it/1W18,3.5
2023-03-25,Madame Bovary,1991,https://boxd.it/26Dc,3.5
2023-03-25,Delicatessen,1991,https://boxd.it/29lK,4
2023-03-25,Boyz n the Hood,1991,https://boxd.it/29Ug,4
2023-03-25,Barton Fink,1991,https://boxd.it/2aFQ,4
2023-03-25,Thelma & Louise,1991,https://boxd.it/28Ew,4
2023-03-25,Terminator 2: Judgment Day,1991,https://boxd.it/2aGY,4
2023-03-25,Highway 61,1991,https://boxd.it/206c,3.5
2023-03-25,Raise the Red Lantern,1991,https://boxd.it/1WlC,4
2023-03-25,The Fisher King,1991,https://boxd.it/2aWM,5
2023-03-25,Beauty and the Beast,1991,https://boxd.it/1XhG,4.5
2023-03-25,A Scene at the Sea,1991,https://boxd.it/1z10,4
2023-03-25,Naked Lunch,1991,https://boxd.it/26ow,3.5
2023-03-25,JFK,1991,https://boxd.it/29xm,4
2023-03-25,Reservoir Dogs,1992,https://boxd.it/2agc,4
2023-03-25,My Cousin Vinny,1992,https://boxd.it/1WpO,4
2023-03-25,Basic Instinct,1992,https://boxd.it/2asM,3.5
2023-03-25,Hard Boiled,1992,https://boxd.it/1T6a,4
2023-03-25,Strictly Ballroom,1992,https://boxd.it/1WkY,4
2023-03-25,Twin Peaks: Fire Walk with Me,1992,https://boxd.it/27Qw,4.5
2023-03-25,Alien³,1992,https://boxd.it/20zS,3.5
2023-03-25,Braindead,1992,https://boxd.it/29Gy,3.5
2023-03-25,Batman Returns,1992,https://boxd.it/2awa,2.5
2023-03-25,Baraka,1992,https://boxd.it/1OWA,4.5
2023-03-25,Man Bites Dog,1992,https://boxd.it/1X7Q,4
2023-03-25,The Last of the Mohicans,1992,https://boxd.it/1YSo,4
2023-03-25,El Mariachi,1992,https://boxd.it/1YRq,3.5
2023-03-25,Glengarry Glen Ross,1992,https://boxd.it/1Yw8,4
2023-03-25,Husbands and Wives,1992,https://boxd.it/1pIe,4
2023-03-25,Under Siege,1992,https://boxd.it/1ZLy,2
2023-03-25,Aladdin,1992,https://boxd.it/29yE,4.5
2023-03-25,Malcolm X,1992,https://boxd.it/27WE,4.5
2023-03-25,Home Alone 2: Lost in New York,1992,https://boxd.it/29F6,2.5
2023-03-25,A Few Good Men,1992,https://boxd.it/29nw,3.5
2023-03-25,Trespass,1992,https://boxd.it/1BbQ,3.5
2023-03-25,Farewell My Concubine,1993,https://boxd.it/1UTM,4
2023-03-25,The Vanishing,1993,https://boxd.it/28pm,3
2023-03-25,Falling Down,1993,https://boxd.it/194M,3
2023-03-25,Madadayo,1993,https://boxd.it/1Pcy,4
2023-03-25,Cliffhanger,1993,https://boxd.it/1YU0,3.5
2023-03-25,Jurassic Park,1993,https://boxd.it/2aA2,3.5
2023-03-25,Robin Hood: Men in Tights,1993,https://boxd.it/20H8,3
2023-03-25,The Fugitive,1993,https://boxd.it/230G,3.5
2023-03-25,Rising Sun,1993,https://boxd.it/21d4,2.5
2023-03-25,Three Colours: Blue,1993,https://boxd.it/2b7K,4.5
2023-03-25,Iron Monkey,1993,https://boxd.it/1Rfk,4.5
2023-03-25,Short Cuts,1993,https://boxd.it/29Nk,4
2023-03-25,True Romance,1993,https://boxd.it/2aBa,5
2023-03-25,Demolition Man,1993,https://boxd.it/1XVm,3
2023-03-25,Judgment Night,1993,https://boxd.it/736,3
2023-03-25,In the Name of the Father,1993,https://boxd.it/20I6,4.5
2023-03-25,Clerks,1994,https://boxd.it/2706,3.5
2023-03-25,Three Colours: White,1994,https://boxd.it/2b7A,4.5
2023-03-25,Drunken Master II,1994,https://boxd.it/1Si0,4
2023-03-25,Serial Mom,1994,https://boxd.it/1Tty,3.5
2023-03-25,Three Colours: Red,1994,https://boxd.it/2b7q,5
2023-03-25,Exotica,1994,https://boxd.it/1DXW,5
2023-03-25,Shallow Grave,1994,https://boxd.it/1XyW,3.5
2023-03-25,Pulp Fiction,1994,https://boxd.it/29Pq,5
2023-03-25,Speed,1994,https://boxd.it/28qk,4
2023-03-25,The Lion King,1994,https://boxd.it/201Q,4.5
2023-03-25,True Lies,1994,https://boxd.it/19pq,3.5
2023-03-25,Chungking Express,1994,https://boxd.it/1UDa,5
2023-03-25,The Mask,1994,https://boxd.it/29rS,3
2023-03-25,Natural Born Killers,1994,https://boxd.it/2aNg,4
2023-03-25,The Shawshank Redemption,1994,https://boxd.it/2aHi,4
2023-03-25,Léon: The Professional,1994,https://boxd.it/2b8S,4
2023-03-25,Muriel's Wedding,1994,https://boxd.it/2aO4,4
2023-03-25,The River Wild,1994,https://boxd.it/1Zr4,2.5
2023-03-25,Living in Oblivion,1995,https://boxd.it/1ZeO,3.5
2023-03-25,The Usual Suspects,1995,https://boxd.it/29XE,4
2023-03-25,Dolores Claiborne,1995,https://boxd.it/1SKo,3
2023-03-25,The City of Lost Children,1995,https://boxd.it/29k8,4
2023-03-25,Johnny Mnemonic,1995,https://boxd.it/1XBQ,2.5
2023-03-25,Apollo 13,1995,https://boxd.it/2a6G,4
2023-03-25,Clueless,1995,https://boxd.it/1Ygk,4
2023-03-25,Kids,1995,https://boxd.it/1YUY,4
2023-03-25,Waterworld,1995,https://boxd.it/1XLG,3
2023-03-25,Desperado,1995,https://boxd.it/20Bk,3
2023-03-25,The Prophecy,1995,https://boxd.it/1SCk,3.5
2023-03-25,Strange Days,1995,https://boxd.it/2aGO,4
2023-03-25,Mighty Aphrodite,1995,https://boxd.it/1TPu,3.5
2023-03-25,Se7en,1995,https://boxd.it/29zs,4.5
2023-03-25,Clockers,1995,https://boxd.it/1D7w,3.5
2023-03-25,Four Rooms,1995,https://boxd.it/73g,4
2023-03-25,The Flower of My Secret,1995,https://boxd.it/24we,4
2023-03-25,Ghost in the Shell,1995,https://boxd.it/1YYc,4
2023-03-25,Jade,1995,https://boxd.it/1SUe,3
2023-03-25,Mallrats,1995,https://boxd.it/26ZW,3
2023-03-25,Get Shorty,1995,https://boxd.it/20Ga,3.5
2023-03-25,Toy Story,1995,https://boxd.it/29qA,4.5
2023-03-25,Casino,1995,https://boxd.it/2ads,4
2023-03-25,GoldenEye,1995,https://boxd.it/29KU,3.5
2023-03-25,Twelve Monkeys,1995,https://boxd.it/2beQ,4.5
2023-03-25,Dead Man Walking,1995,https://boxd.it/29OC,3.5
2023-03-25,From Dusk Till Dawn,1996,https://boxd.it/29HQ,4
2023-03-25,Shine,1996,https://boxd.it/20MC,3.5
2023-03-25,Trainspotting,1996,https://boxd.it/29XY,4.5
2023-03-25,Fargo,1996,https://boxd.it/2aHM,4
2023-03-25,The Birdcage,1996,https://boxd.it/1UTi,4.5
2023-03-25,Diabolique,1996,https://boxd.it/1UV4,2.5
2023-03-25,I Shot Andy Warhol,1996,https://boxd.it/1sWS,4
2023-03-25,Twister,1996,https://boxd.it/29S0,3.5
2023-03-25,Trees Lounge,1996,https://boxd.it/1qQ4,4
2023-03-25,Breaking the Waves,1996,https://boxd.it/2b1W,4.5
2023-03-25,Crash,1996,https://boxd.it/29n2,4.5
2023-03-25,Mission: Impossible,1996,https://boxd.it/29d2,4
2023-03-25,The Rock,1996,https://boxd.it/1XM0,3.5
2023-03-25,That Thing You Do!,1996,https://boxd.it/1Yig,3
2023-03-25,Sleepers,1996,https://boxd.it/29xw,3.5
2023-03-25,Scream,1996,https://boxd.it/24EC,4
2023-03-25,One Fine Day,1996,https://boxd.it/211i,3
2023-03-25,In the Company of Men,1997,https://boxd.it/1NMY,4
2023-03-25,Chasing Amy,1997,https://boxd.it/274W,3.5
2023-03-25,The Ice Storm,1997,https://boxd.it/2c6I,4
2023-03-25,The Devil's Own,1997,https://boxd.it/24he,3
2023-03-25,Insomnia,1997,https://boxd.it/1txk,5
2023-03-25,The Saint,1997,https://boxd.it/1Xkq,3
2023-03-25,Grosse Pointe Blank,1997,https://boxd.it/1YGW,4
2023-03-25,L.A. Confidential,1997,https://boxd.it/27oC,4.5
2023-03-25,The Sweet Hereafter,1997,https://boxd.it/1WNm,4
2023-03-25,Taste of Cherry,1997,https://boxd.it/1m8W,5
2023-03-25,Face/Off,1997,https://boxd.it/29I0,4.5
2023-03-25,The Full Monty,1997,https://boxd.it/1YI4,4
2023-03-25,Affliction,1997,https://boxd.it/1iAM,3.5
2023-03-25,The Game,1997,https://boxd.it/26vC,3.5
2023-03-25,Fireworks,1997,https://boxd.it/22mQ,4
2023-03-25,The Wings of the Dove,1997,https://boxd.it/P8a,3
2023-03-25,The Hanging Garden,1997,https://boxd.it/1cHi,3.5
2023-03-25,Gattaca,1997,https://boxd.it/29Du,3
2023-03-25,The Spanish Prisoner,1997,https://boxd.it/1nZW,4
2023-03-25,Boogie Nights,1997,https://boxd.it/23um,4
2023-03-25,Seven Years in Tibet,1997,https://boxd.it/29aC,4
2023-03-25,Live Flesh,1997,https://boxd.it/2aJ4,4.5
2023-03-25,A Life Less Ordinary,1997,https://boxd.it/20Bu,3
2023-03-25,Starship Troopers,1997,https://boxd.it/2a7k,4.5
2023-03-25,Cure,1997,https://boxd.it/1blA,4.5
2023-03-25,Alien Resurrection,1997,https://boxd.it/20zI,3.5
2023-03-25,Jackie Brown,1997,https://boxd.it/2aVO,4
2023-03-25,Open Your Eyes,1997,https://boxd.it/27TU,3
2023-03-25,The Big Lebowski,1998,https://boxd.it/2b6C,5
2023-03-25,Pi,1998,https://boxd.it/2ajq,4
2023-03-25,Buffalo '66,1998,https://boxd.it/1YC6,4
2023-03-25,Your Friends & Neighbors,1998,https://boxd.it/2GfA,3.5
2023-03-25,The Wedding Singer,1998,https://boxd.it/1USO,3.5
2023-03-25,Sliding Doors,1998,https://boxd.it/1WNG,3
2023-03-25,Run Lola Run,1998,https://boxd.it/2b8o,4
2023-03-25,Wild Things,1998,https://boxd.it/29Zq,3
2023-03-25,The Idiots,1998,https://boxd.it/2amu,3.5
2023-03-25,Fear and Loathing in Las Vegas,1998,https://boxd.it/27Xs,4
2023-03-25,Last Night,1998,https://boxd.it/1KLe,3.5
2023-03-25,The Truman Show,1998,https://boxd.it/18U8,4.5
2023-03-25,Can't Hardly Wait,1998,https://boxd.it/1MWI,3
2023-03-25,The X-Files,1998,https://boxd.it/29ta,3.5
2023-03-25,Armageddon,1998,https://boxd.it/2b9Q,2.5
2023-03-25,American History X,1998,https://boxd.it/2bdo,4.5
2023-03-25,There's Something About Mary,1998,https://boxd.it/2aae,3
2023-03-25,BASEketball,1998,https://boxd.it/1OVs,3.5
2023-03-25,The Avengers,1998,https://boxd.it/1YYG,2
2023-03-25,Blade,1998,https://boxd.it/1a8A,3.5
2023-03-25,"Lock, Stock and Two Smoking Barrels",1998,https://boxd.it/2b92,3
2023-03-25,Hilary and Jackie,1998,https://boxd.it/LOc,3.5
2023-03-25,Celebrity,1998,https://boxd.it/1YBM,3
2023-03-25,After Life,1998,https://boxd.it/1HMI,4.5
2023-03-25,Ronin,1998,https://boxd.it/20wa,4
2023-03-25,Rushmore,1998,https://boxd.it/1TAO,4
2023-03-25,Pleasantville,1998,https://boxd.it/26uY,3
2023-03-25,Meet Joe Black,1998,https://boxd.it/2aEI,2.5
2023-03-25,Psycho,1998,https://boxd.it/1Ugg,3
2023-03-25,Jerry and Tom,1998,https://boxd.it/2EQu,3
2023-03-25,Shakespeare in Love,1998,https://boxd.it/27Pe,3.5
2023-03-25,American Movie,1999,https://boxd.it/1Oty,4
2023-03-25,Office Space,1999,https://boxd.it/28Em,3.5
2023-03-25,The Matrix,1999,https://boxd.it/2a1m,4.5
2023-03-25,All About My Mother,1999,https://boxd.it/2b9c,4
2023-03-25,eXistenZ,1999,https://boxd.it/27Ni,3.5
2023-03-25,Election,1999,https://boxd.it/1YEc,4.5
2023-03-25,The Limey,1999,https://boxd.it/1Woc,4
2023-03-25,Star Wars: Episode I – The Phantom Menace,1999,https://boxd.it/27Vc,2.5
2023-03-25,"South Park: Bigger, Longer & Uncut",1999,https://boxd.it/1YAO,4
2023-03-25,Eyes Wide Shut,1999,https://boxd.it/2axs,5
2023-03-25,Dick,1999,https://boxd.it/1KaC,4
2023-03-25,The Thomas Crown Affair,1999,https://boxd.it/29im,3
2023-03-25,Bowfinger,1999,https://boxd.it/1U3w,3.5
2023-03-25,Being John Malkovich,1999,https://boxd.it/2ahu,5
2023-03-25,Topsy-Turvy,1999,https://boxd.it/Nbc,3.5
2023-03-25,American Beauty,1999,https://boxd.it/71Y,3.5
2023-03-25,Ride with the Devil,1999,https://boxd.it/1APq,3
2023-03-25,Fight Club,1999,https://boxd.it/2a9q,5
2023-03-25,Three Kings,1999,https://boxd.it/21IG,3.5
2023-03-25,The Insider,1999,https://boxd.it/1ZoE,3
2023-03-25,Toy Story 2,1999,https://boxd.it/29qq,4
2023-03-25,Dogma,1999,https://boxd.it/284e,3
2023-03-25,Sleepy Hollow,1999,https://boxd.it/26u0,3
2023-03-25,Dead or Alive,1999,https://boxd.it/1U9u,4.5
2023-03-25,Sweet and Lowdown,1999,https://boxd.it/1Y3K,3.5
2023-03-25,"Girl, Interrupted",1999,https://boxd.it/25ds,3.5
2023-03-25,Magnolia,1999,https://boxd.it/2aze,4.5
2023-03-25,The Talented Mr. Ripley,1999,https://boxd.it/2924,4
2023-03-25,The Beach,2000,https://boxd.it/27T6,3
2023-03-25,High Fidelity,2000,https://boxd.it/2aMW,3.5
2023-03-25,Traffic,2000,https://boxd.it/27Ue,3.5
2023-03-25,Gladiator,2000,https://boxd.it/2b9m,4
2023-03-25,"O Brother, Where Art Thou?",2000,https://boxd.it/2b3I,3.5
2023-03-25,Faithless,2000,https://boxd.it/Klo,4
2023-03-25,Requiem for a Dream,2000,https://boxd.it/29VI,4.5
2023-03-25,Yi Yi,2000,https://boxd.it/1vCw,4.5
2023-03-25,The Gleaners and I,2000,https://boxd.it/S6c,4
2023-03-25,Dancer in the Dark,2000,https://boxd.it/71E,4
2023-03-25,Cecil B. Demented,2000,https://boxd.it/1OA0,3.5
2023-03-25,"Crouching Tiger, Hidden Dragon",2000,https://boxd.it/2b1M,4
2023-03-25,Mission: Impossible II,2000,https://boxd.it/29cS,3
2023-03-25,Billy Elliot,2000,https://boxd.it/2bdy,3.5
2023-03-25,In the Mood for Love,2000,https://boxd.it/29tE,5
2023-03-25,"La Commune (Paris, 1871)",2000,https://boxd.it/9rO,4
2023-03-25,Titan A.E.,2000,https://boxd.it/20W8,3
2023-03-25,Chicken Run,2000,https://boxd.it/20Xg,3.5
2023-03-25,Baise-moi,2000,https://boxd.it/25Fc,3
2023-03-25,X-Men,2000,https://boxd.it/1a7s,3.5
2023-03-25,Snatch,2000,https://boxd.it/2b7U,3.5
2023-03-25,Before Night Falls,2000,https://boxd.it/23to,4
2023-03-25,Pollock,2000,https://boxd.it/1RPC,3.5
2023-03-25,Almost Famous,2000,https://boxd.it/29CQ,3.5
2023-03-25,Sexy Beast,2000,https://boxd.it/1SZS,4
2023-03-25,Meet the Parents,2000,https://boxd.it/28vE,3.5
2023-03-25,Unbreakable,2000,https://boxd.it/1XV2,3.5
2023-03-25,Cast Away,2000,https://boxd.it/20i8,4
2023-03-25,Chocolat,2000,https://boxd.it/2aue,3.5
2023-03-25,Battle Royale,2000,https://boxd.it/25zS,4.5
2023-03-25,Vanilla Sky,2001,https://boxd.it/27TK,3
2023-03-25,Hannibal,2001,https://boxd.it/1XVc,3.5
2023-03-25,Fat Girl,2001,https://boxd.it/2a6w,4
2023-03-25,The Tailor of Panama,2001,https://boxd.it/26BA,4
2023-03-25,Beijing Bicycle,2001,https://boxd.it/1Rtm,3.5
2023-03-25,A Knight's Tale,2001,https://boxd.it/1YAk,3
2023-03-25,The Son's Room,2001,https://boxd.it/1TPE,4
2023-03-25,Blow,2001,https://boxd.it/24Mm,3
2023-03-25,Bridget Jones's Diary,2001,https://boxd.it/29WQ,3.5
2023-03-25,Amélie,2001,https://boxd.it/2aUc,4
2023-03-25,Moulin Rouge!,2001,https://boxd.it/29wI,4
2023-03-25,Shrek,2001,https://boxd.it/29zi,4
2023-03-25,Atanarjuat: The Fast Runner,2001,https://boxd.it/1Qyq,4
2023-03-25,The Piano Teacher,2001,https://boxd.it/2886,5
2023-03-25,Mulholland Drive,2001,https://boxd.it/297o,4.5
2023-03-25,Monster's Ball,2001,https://boxd.it/28Uu,3
2023-03-25,Y Tu Mamá También,2001,https://boxd.it/28QM,3.5
2023-03-25,Ghost World,2001,https://boxd.it/28Dy,4.5
2023-03-25,Kick the Moon,2001,https://boxd.it/2d44,3.5
2023-03-25,A.I. Artificial Intelligence,2001,https://boxd.it/29Ve,2.5
2023-03-25,Shaolin Soccer,2001,https://boxd.it/1T86,3.5
2023-03-25,Trouble Every Day,2001,https://boxd.it/115M,3.5
2023-03-25,Legally Blonde,2001,https://boxd.it/1ZNa,4
2023-03-25,Fulltime Killer,2001,https://boxd.it/1YjS,3
2023-03-25,Jay and Silent Bob Strike Back,2001,https://boxd.it/26ZM,2.5
2023-03-25,Ichi the Killer,2001,https://boxd.it/1Y1O,4.5
2023-03-25,Zoolander,2001,https://boxd.it/1YMA,3
2023-03-25,The Royal Tenenbaums,2001,https://boxd.it/1YHU,3.5
2023-03-25,Serendipity,2001,https://boxd.it/1XPy,2.5
2023-03-25,The Man Who Wasn't There,2001,https://boxd.it/1Vqc,4
2023-03-25,"Monsters, Inc.",2001,https://boxd.it/2a46,4
2023-03-25,Gosford Park,2001,https://boxd.it/239e,3.5
2023-03-25,Spy Game,2001,https://boxd.it/28Fk,3
2023-03-25,Novocaine,2001,https://boxd.it/1CTa,3
2023-03-25,Ocean's Eleven,2001,https://boxd.it/2aZm,4
2023-03-25,The Lord of the Rings: The Fellowship of the Ring,2001,https://boxd.it/2b5O,4.5
2023-03-25,Ali,2001,https://boxd.it/205e,3.5
2023-03-25,The Shipping News,2001,https://boxd.it/21Ho,3
2023-03-25,Secretary,2002,https://boxd.it/1URc,4
2023-03-25,The Good Girl,2002,https://boxd.it/1Xqo,3.5
2023-03-25,The Salton Sea,2002,https://boxd.it/1TMq,3.5
2023-03-25,My Big Fat Greek Wedding,2002,https://boxd.it/20k4,3.5
2023-03-25,Panic Room,2002,https://boxd.it/2490,4.5
2023-03-25,Sympathy for Mr. Vengeance,2002,https://boxd.it/23WU,5
2023-03-25,Changing Lanes,2002,https://boxd.it/28Fa,3
2023-03-25,Bend It Like Beckham,2002,https://boxd.it/2am0,3
2023-03-25,Spider-Man,2002,https://boxd.it/2a8i,4
2023-03-25,Star Wars: Episode II – Attack of the Clones,2002,https://boxd.it/27V2,2.5
2023-03-25,Bowling for Columbine,2002,https://boxd.it/28Ls,4
2023-03-25,Welcome to Collinwood,2002,https://boxd.it/1Z8c,3
2023-03-25,The Bourne Identity,2002,https://boxd.it/26EO,3.5
2023-03-25,Full Frontal,2002,https://boxd.it/1MEu,2.5
2023-03-25,Red Dragon,2002,https://boxd.it/1Yrs,3
2023-03-25,The Transporter,2002,https://boxd.it/24Nu,3
2023-03-25,Ju-on: The Grudge,2002,https://boxd.it/1SY6,3
2023-03-25,Jackass: The Movie,2002,https://boxd.it/1Zo0,3.5
2023-03-25,28 Days Later,2002,https://boxd.it/2aXU,4
2023-03-25,Catch Me If You Can,2002,https://boxd.it/29VS,3.5
2023-03-25,The Lord of the Rings: The Two Towers,2002,https://boxd.it/2b5E,4.5
2023-03-25,X2,2003,https://boxd.it/1a7i,3.5
2023-03-25,The Matrix Reloaded,2003,https://boxd.it/2a1c,4
2023-03-25,Bruce Almighty,2003,https://boxd.it/2aCC,3
2023-03-25,Swimming Pool,2003,https://boxd.it/2aDU,4
2023-03-25,The Italian Job,2003,https://boxd.it/1Y86,3
2023-03-25,Pirates of the Caribbean: The Curse of the Black Pearl,2003,https://boxd.it/70G,4
2023-03-25,Terminator 3: Rise of the Machines,2003,https://boxd.it/2aES,2.5
2023-03-25,Intolerable Cruelty,2003,https://boxd.it/1T7i,2.5
2023-03-25,Zatoichi,2003,https://boxd.it/2aMs,4
2023-03-25,Love Actually,2003,https://boxd.it/2aeU,2.5
2023-03-25,Kill Bill: Vol. 1,2003,https://boxd.it/70w,4
2023-03-25,The Matrix Revolutions,2003,https://boxd.it/2a12,3.5
2023-03-25,Bad Santa,2003,https://boxd.it/1WYk,3
2023-03-25,The Last Samurai,2003,https://boxd.it/29ZA,3
2023-03-25,The Lord of the Rings: The Return of the King,2003,https://boxd.it/2b5u,4.5
2023-03-25,Along Came Polly,2004,https://boxd.it/22fU,3
2023-03-25,The Butterfly Effect,2004,https://boxd.it/27M0,3
2023-03-25,50 First Dates,2004,https://boxd.it/285c,3
2023-03-25,The Passion of the Christ,2004,https://boxd.it/29ZK,3
2023-03-25,Secret Window,2004,https://boxd.it/28xq,3
2023-03-25,Jersey Girl,2004,https://boxd.it/1Yqa,3
2023-03-25,Shaun of the Dead,2004,https://boxd.it/29J8,4
2023-03-25,Kill Bill: Vol. 2,2004,https://boxd.it/2au4,4
2023-03-25,Shrek 2,2004,https://boxd.it/29z8,4
2023-03-25,The Day After Tomorrow,2004,https://boxd.it/2aog,2
2023-03-25,Fahrenheit 9/11,2004,https://boxd.it/28a2,4
2023-03-25,Harold & Kumar Go to White Castle,2004,https://boxd.it/1Ueu,3.5
2023-03-25,The Terminal,2004,https://boxd.it/2a2O,3
2023-03-25,Napoleon Dynamite,2004,https://boxd.it/20wu,4
2023-03-25,DodgeBall: A True Underdog Story,2004,https://boxd.it/1YAY,3
2023-03-25,Spider-Man 2,2004,https://boxd.it/2a88,3.5
2023-03-25,The Bourne Supremacy,2004,https://boxd.it/26EE,3
2023-03-25,She Hate Me,2004,https://boxd.it/1CIc,4
2023-03-25,Collateral,2004,https://boxd.it/28F0,3.5
2023-03-25,Crash,2004,https://boxd.it/28q0,3
2023-03-25,Childstar,2004,https://boxd.it/YDm,3
2023-03-25,Layer Cake,2004,https://boxd.it/23LC,3
2023-03-25,Team America: World Police,2004,https://boxd.it/24QS,3
2023-03-25,The Grudge,2004,https://boxd.it/27Jq,2.5
2023-03-25,The Incredibles,2004,https://boxd.it/1XLm,4.5
2023-03-25,The SpongeBob SquarePants Movie,2004,https://boxd.it/1SYq,3.5
2023-03-25,Ocean's Twelve,2004,https://boxd.it/2aZ2,3.5
2023-03-25,Meet the Fockers,2004,https://boxd.it/29NE,2.5
2023-03-25,Constantine,2005,https://boxd.it/2a7E,3
2023-03-25,Robots,2005,https://boxd.it/1Xve,3
2023-03-25,Sahara,2005,https://boxd.it/20XK,2.5
2023-03-25,Star Wars: Episode III – Revenge of the Sith,2005,https://boxd.it/27US,3.5
2023-03-25,C.R.A.Z.Y.,2005,https://boxd.it/1TSI,5
2023-03-25,Batman Begins,2005,https://boxd.it/2aIg,4
2023-03-25,War of the Worlds,2005,https://boxd.it/2bde,3
2023-03-25,The Island,2005,https://boxd.it/28qE,3
2023-03-25,Wedding Crashers,2005,https://boxd.it/1Yte,3
2023-03-25,The 40 Year Old Virgin,2005,https://boxd.it/21hK,3
2023-03-25,The Brothers Grimm,2005,https://boxd.it/24kW,2
2023-03-25,Shopgirl,2005,https://boxd.it/26zu,3
2023-03-25,King Kong,2005,https://boxd.it/2aLa,3.5
2023-03-25,V for Vendetta,2005,https://boxd.it/29Ik,4
2023-03-25,Little Miss Sunshine,2006,https://boxd.it/29EW,4
2023-03-25,Lucky Number Slevin,2006,https://boxd.it/2aVu,3
2023-03-25,Volver,2006,https://boxd.it/2aQO,4
2023-03-25,Cars,2006,https://boxd.it/29ho,3.5
2023-03-25,Renaissance,2006,https://boxd.it/1YO2,3
2023-03-25,A Scanner Darkly,2006,https://boxd.it/25jK,3.5
2023-03-25,Clerks II,2006,https://boxd.it/26ZC,3
2023-03-25,Nacho Libre,2006,https://boxd.it/1YTG,2.5
2023-03-25,Pirates of the Caribbean: Dead Man's Chest,2006,https://boxd.it/2bfk,3.5
2023-03-25,Borat: Cultural Learnings of America for Make Benefit Glorious Nation of Kazakhstan,2006,https://boxd.it/2agQ,4
2023-03-25,The Illusionist,2006,https://boxd.it/28H6,3
2023-03-25,Crank,2006,https://boxd.it/27MY,3
2023-03-25,Paprika,2006,https://boxd.it/23wW,4.5
2023-03-25,Children of Men,2006,https://boxd.it/1Y2i,3.5
2023-03-25,Stranger Than Fiction,2006,https://boxd.it/28Za,4
2023-03-25,Jackass Number Two,2006,https://boxd.it/1SyM,3.5
2023-03-25,Casino Royale,2006,https://boxd.it/1alk,4
2023-03-25,Smokin' Aces,2006,https://boxd.it/20Ri,3
2023-03-25,Hot Fuzz,2007,https://boxd.it/2416,3.5
2023-03-25,Knocked Up,2007,https://boxd.it/23yS,3
2023-03-25,Superbad,2007,https://boxd.it/20hO,4
2023-03-25,Grindhouse,2007,https://boxd.it/8RwY,4
2023-03-25,Spider-Man 3,2007,https://boxd.it/2a7Y,3.5
2023-03-25,28 Weeks Later,2007,https://boxd.it/28Bi,3.5
2023-03-25,Death Proof,2007,https://boxd.it/27GG,4.5
2023-03-25,Ocean's Thirteen,2007,https://boxd.it/2aEy,3.5
2023-03-25,The Simpsons Movie,2007,https://boxd.it/6YU,3
2023-03-25,The Bourne Ultimatum,2007,https://boxd.it/26Eu,4
2023-03-25,Juno,2007,https://boxd.it/210a,3.5
2023-03-26,Walk Hard: The Dewey Cox Story,2007,https://boxd.it/21wK,3.5
2023-03-26,24 Hour Party People,2002,https://boxd.it/26nI,3.5
2023-03-26,Waydowntown,2000,https://boxd.it/1P9a,3
2023-03-27,Puss in Boots: The Last Wish,2022,https://boxd.it/aaie,4
2023-03-30,Finch,2021,https://boxd.it/iXBq,3.5
2023-03-30,Spider-Man: No Way Home,2021,https://boxd.it/nwRw,4
2023-03-30,Black Widow,2021,https://boxd.it/hWV8,3.5
2023-03-30,Dark Phoenix,2019,https://boxd.it/anyO,3.5
2023-03-30,Spider-Man: Into the Spider-Verse,2018,https://boxd.it/azpY,5
2023-03-30,Ralph Breaks the Internet,2018,https://boxd.it/edAy,3
2023-03-30,Paddington 2,2017,https://boxd.it/bCF8,4
2023-03-30,Finding Dory,2016,https://boxd.it/4aAA,4
2023-03-30,The Martian,2015,https://boxd.it/8SeG,3
2023-03-30,Big Hero 6,2014,https://boxd.it/5rje,4
2023-03-30,Wreck-It Ralph,2012,https://boxd.it/2TTS,4
2023-03-30,The Avengers,2012,https://boxd.it/1xFW,4
2023-03-30,Cars 2,2011,https://boxd.it/H4Y,3.5
2023-03-30,True Grit,2010,https://boxd.it/Sog,4
2023-03-30,Iron Man 2,2010,https://boxd.it/1WZM,3
2023-03-30,Lightyear,2022,https://boxd.it/qV1G,3.5
2023-03-30,Doctor Strange in the Multiverse of Madness,2022,https://boxd.it/gaTc,3
2023-03-30,The Lost City,2022,https://boxd.it/sg0Q,3
2023-03-30,Luca,2021,https://boxd.it/ipjC,4
2023-03-30,An American Pickle,2020,https://boxd.it/niWi,3
2023-03-30,Hellboy,2004,https://boxd.it/28HK,4
2023-03-30,Hellboy II: The Golden Army,2008,https://boxd.it/1Ug6,3.5
2023-03-30,Avatar,2009,https://boxd.it/1Efm,3.5
2023-03-30,Watchmen,2009,https://boxd.it/1QE4,3.5
2023-03-30,Pineapple Express,2008,https://boxd.it/1WRS,3.5
2023-03-30,Baghead,2008,https://boxd.it/22C0,3
2023-03-30,The Guardians of the Galaxy Holiday Special,2022,https://boxd.it/t77K,3.5
2023-03-30,Minions: The Rise of Gru,2022,https://boxd.it/fz9w,3.5
2023-03-30,Enola Holmes 2,2022,https://boxd.it/vfDe,3.5
2023-03-30,Thor: Love and Thunder,2022,https://boxd.it/mMAY,3
2023-03-30,Black Panther: Wakanda Forever,2022,https://boxd.it/igPu,4.5
2023-03-30,Bullet Train,2022,https://boxd.it/qW26,3
2023-03-30,Eternals,2021,https://boxd.it/j36o,3.5
2023-03-30,Venom,2018,https://boxd.it/b8wA,3
2023-03-30,Tomb Raider,2018,https://boxd.it/bgbA,3.5
2023-03-30,Star Wars: The Last Jedi,2017,https://boxd.it/5xme,3
2023-03-31,The Lego Movie,2014,https://boxd.it/4pDO,4
2023-03-31,Frozen,2013,https://boxd.it/3GNa,4
2023-03-31,The Tourist,2010,https://boxd.it/17Hs,2
2023-03-31,The Social Network,2010,https://boxd.it/17ue,4
2023-03-31,Star Trek,2009,https://boxd.it/1Q6c,3.5
2023-03-31,Up in the Air,2009,https://boxd.it/1zPY,3
2023-03-31,The Day the Earth Stood Still,2008,https://boxd.it/1WQ6,2.5
2023-03-31,The Dark Knight,2008,https://boxd.it/2b0k,4.5
2023-03-31,Solo: A Star Wars Story,2018,https://boxd.it/bGWs,3.5
2023-03-31,Ready Player One,2018,https://boxd.it/aZes,2.5
2023-03-31,John Wick: Chapter 2,2017,https://boxd.it/ayGu,3
2023-03-31,Horrible Bosses,2011,https://boxd.it/Ba2,3
2023-03-31,The House Bunny,2008,https://boxd.it/1RyG,3
2023-03-31,Mission: Impossible III,2006,https://boxd.it/29cI,4
2023-03-31,9 Songs,2004,https://boxd.it/702,3
2023-04-02,"The Adventures of Priscilla, Queen of the Desert",1994,https://boxd.it/26mg,4
2023-04-07,To Live,1994,https://boxd.it/1j6S,4
2023-04-07,Fat Choi Spirit,2002,https://boxd.it/gpK,4.5
2023-04-07,Time and Tide,2000,https://boxd.it/Gpw,3.5
2023-07-03,The Fly,1986,https://boxd.it/1YIe,5
2023-07-03,The Northman,2022,https://boxd.it/nK2s,3.5
2023-07-03,Aquaman,2018,https://boxd.it/9ru0,3.5
2023-07-03,Batman Forever,1995,https://boxd.it/2ara,3
2023-07-04,Ant-Man and the Wasp: Quantumania,2023,https://boxd.it/nL2y,2.5
2023-07-04,Ant-Man and the Wasp,2018,https://boxd.it/cqUW,3
2023-07-04,Ant-Man,2015,https://boxd.it/3vmW,3
2023-08-15,The Super Mario Bros. Movie,2023,https://boxd.it/i8C8,3.5
2023-08-15,District B13,2004,https://boxd.it/1XdY,3.5
2023-08-19,Everything Everywhere All at Once,2022,https://boxd.it/jUk4,4.5
2023-08-19,Shang-Chi and the Legend of the Ten Rings,2021,https://boxd.it/kLDI,3.5
2023-08-19,Doctor Strange,2016,https://boxd.it/8MH8,3
2023-08-19,Black Adam,2022,https://boxd.it/fup0,2.5
2023-09-15,Fantastic Mr. Fox,2009,https://boxd.it/1WyQ,4
2023-09-15,Glass Onion,2022,https://boxd.it/oCkK,4
2023-09-15,The Breakfast Club,1985,https://boxd.it/27q4,4.5
2023-09-27,Teenage Mutant Ninja Turtles: Mutant Mayhem,2023,https://boxd.it/mK0a,4
2023-09-27,Cold Fever,1995,https://boxd.it/2dhC,3.5
2023-12-21,A Haunting in Venice,2023,https://boxd.it/zGdg,3
2023-12-21,The Barbarian Invasions,2003,https://boxd.it/1UMG,4
2023-12-21,The Decline of the American Empire,1986,https://boxd.it/1GQE,4
2023-12-21,Camouflage,1977,https://boxd.it/4tms,3.5
2024-06-03,Doctor Sleep,2019,https://boxd.it/i5vI,3.5
2024-06-03,Sweet Sixteen,2002,https://boxd.it/28SI,3.5
2024-07-15,Another Round,2020,https://boxd.it/lkba,4
2024-07-16,"Germany, Year Zero",1948,https://boxd.it/20FG,5
2024-07-29,The Idiot,1951,https://boxd.it/1x0O,4.5
2024-08-07,F for Fake,1973,https://boxd.it/VxA,4.5
2024-08-11,Drive My Car,2021,https://boxd.it/sv94,4.5
2024-08-11,Mouchette,1967,https://boxd.it/28Bs,5
2024-08-11,Pecker,1998,https://boxd.it/1SVw,4.5
2024-08-11,Speed Racer,2008,https://boxd.it/20UQ,4
2024-08-19,"The Devil, Probably",1977,https://boxd.it/1hJe,5
2024-08-29,L'Argent,1983,https://boxd.it/XIg,4.5
2024-09-02,The Princess Bride,1987,https://boxd.it/26EY,4
2024-09-16,Pickpocket,1959,https://boxd.it/29O8,4
2024-10-06,Ghost Dog: The Way of the Samurai,1999,https://boxd.it/23Ne,4
2024-10-13,Night on Earth,1991,https://boxd.it/2ayq,4.5
2024-10-23,Lush: A Far from Home Movie,2024,https://boxd.it/uXAQ,3.5
2024-12-10,A Man Escaped,1956,https://boxd.it/1MzY,4.5
2024-12-13,Red Beard,1965,https://boxd.it/251m,5
2024-12-13,The Death of David Cronenberg,2021,https://boxd.it/x1EG,4
2025-01-20,The Double Life of Véronique,1991,https://boxd.it/28va,4
2025-03-02,Renfield,2023,https://boxd.it/o8vy,3
2025-06-26,Il Posto,1961,https://boxd.it/1iqC,4
2025-09-15,The Thursday Murder Club,2025,https://boxd.it/rXju,3
2025-09-15,Superman,2025,https://boxd.it/E9IU,3
2025-09-15,Thunderbolts*,2025,https://boxd.it/BfbQ,3
2025-12-13,Wake Up Dead Man,2025,https://boxd.it/uAKS,4
2026-01-05,Four Nights of a Dreamer,1971,https://boxd.it/qRa,4
2026-01-20,Shoeshine,1987,https://boxd.it/7bEE,3.5
2026-01-26,Frankenstein,2025,https://boxd.it/Ecsg,4
2026-02-06,Lancelot of the Lake,1974,https://boxd.it/qR0,4
2026-02-06,Ju Dou,1990,https://boxd.it/YrK,3.5
2026-02-06,Enter the Dragon,1973,https://boxd.it/1YCA,4
2026-02-06,Fist of Fury,1972,https://boxd.it/1TaG,3.5
2026-02-06,Black Rain,1989,https://boxd.it/24NY,3
2026-02-06,Legend,1985,https://boxd.it/1SCY,3
2026-02-06,Eat Drink Man Woman,1994,https://boxd.it/1Wem,4.5
2026-02-06,Cape Fear,1991,https://boxd.it/28vu,3.5
2026-02-06,Tropic Thunder,2008,https://boxd.it/20WM,3.5
2026-02-06,Orange County,2002,https://boxd.it/1SVc,3
2026-02-06,Benedetta,2021,https://boxd.it/gdNQ,3.5
2026-02-06,Broken Arrow,1996,https://boxd.it/1Z9u,2.5
2026-02-06,Final Destination,2000,https://boxd.it/1YrC,2.5
2026-02-06,My Bloody Valentine,1981,https://boxd.it/131M,3.5
2026-02-06,Audition,1999,https://boxd.it/1UHm,4
2026-02-06,Knives Out,2019,https://boxd.it/jWEA,4
2026-02-07,The Flash,2023,https://boxd.it/9twC,2.5
2026-02-07,Spider-Man: Across the Spider-Verse,2023,https://boxd.it/kSz4,4
2026-02-07,Guardians of the Galaxy Vol. 3,2023,https://boxd.it/fVNI,3.5
2026-02-07,Death on the Nile,2022,https://boxd.it/ifpg,3
2026-02-07,Encanto,2021,https://boxd.it/kPRu,3
2026-02-07,Jungle Cruise,2021,https://boxd.it/g4YK,3
2026-02-07,Nobody,2021,https://boxd.it/mLqS,2.5
2026-02-07,Borat Subsequent Moviefilm,2020,https://boxd.it/rNS0,3.5
2026-02-07,Star Wars: The Rise of Skywalker,2019,https://boxd.it/5xlK,2.5
2026-02-07,Spider-Man: Far From Home,2019,https://boxd.it/fegG,3.5
2026-02-07,John Wick: Chapter 3 – Parabellum,2019,https://boxd.it/gmFw,3
2026-02-07,Captain Marvel,2019,https://boxd.it/9vSA,3
2026-02-07,Avengers: Endgame,2019,https://boxd.it/9vE4,2.5
2026-02-07,Ocean's Eight,2018,https://boxd.it/eaai,3
2026-02-07,Mission: Impossible – Fallout,2018,https://boxd.it/bSVc,4
2026-02-07,Toy Story 4,2019,https://boxd.it/9ALu,3.5
2026-02-07,Deadpool 2,2018,https://boxd.it/dlLM,3
2026-02-07,Avengers: Infinity War,2018,https://boxd.it/9vEe,2.5
2026-02-07,Black Panther,2018,https://boxd.it/8MHs,3
2026-02-07,Thor: Ragnarok,2017,https://boxd.it/8MHi,3
2026-02-07,Spider-Man: Homecoming,2017,https://boxd.it/aboM,3
2026-02-07,Despicable Me 3,2017,https://boxd.it/azpu,3
2026-02-07,Guardians of the Galaxy Vol. 2,2017,https://boxd.it/8MxC,3
2026-02-07,Baby Driver,2017,https://boxd.it/bhF2,4
2026-02-07,The Lego Batman Movie,2017,https://boxd.it/azp0,3.5
2026-02-07,Passengers,2016,https://boxd.it/8lFu,2.5
2026-02-07,Moana,2016,https://boxd.it/8tfY,4
2026-02-07,Deadpool,2016,https://boxd.it/9fOC,3
2026-02-07,Zootopia,2016,https://boxd.it/84xS,3.5
2026-02-07,The Revenant,2015,https://boxd.it/8H5e,4
2026-02-07,Star Wars: The Force Awakens,2015,https://boxd.it/4vru,3
2026-02-07,Hardcore Henry,2015,https://boxd.it/aAIM,2.5
2026-02-07,Mission: Impossible – Rogue Nation,2015,https://boxd.it/5rI4,4
2026-02-07,Minions,2015,https://boxd.it/6jCO,3.5
2026-02-07,Inside Out,2015,https://boxd.it/4KHC,3.5
2026-02-07,Avengers: Age of Ultron,2015,https://boxd.it/3qi6,2.5
2026-02-07,Paddington,2014,https://boxd.it/3RKw,4
2026-02-07,John Wick,2014,https://boxd.it/7dEc,3
2026-02-07,Guardians of the Galaxy,2014,https://boxd.it/3VH2,3.5
2026-02-07,Force Majeure,2014,https://boxd.it/7UcA,4
2026-02-07,The Amazing Spider-Man 2,2014,https://boxd.it/3utM,3
2026-02-07,Rio 2,2014,https://boxd.it/5jfy,3
2026-02-07,Chef,2014,https://boxd.it/6lCG,3
2026-02-07,Jackass Presents: Bad Grandpa,2013,https://boxd.it/6e3u,3
2026-02-07,This Is the End,2013,https://boxd.it/3GB4,3
2026-02-07,Iron Man 3,2013,https://boxd.it/2cBQ,3.5
2026-02-07,This Is 40,2012,https://boxd.it/39WI,3
2026-02-07,The Dark Knight Rises,2012,https://boxd.it/H3m,3.5
2026-02-07,The Amazing Spider-Man,2012,https://boxd.it/27PI,3
2026-02-07,John Carter,2012,https://boxd.it/FQ2,3
2026-02-07,Mission: Impossible – Ghost Protocol,2011,https://boxd.it/psI,4
2026-02-07,Sherlock Holmes: A Game of Shadows,2011,https://boxd.it/k3S,3.5
2026-02-07,The Muppets,2011,https://boxd.it/1zg,3.5
2026-02-07,Puss in Boots,2011,https://boxd.it/eL34,3
2026-02-07,Moneyball,2011,https://boxd.it/glS,4
2026-02-07,Captain America: The First Avenger,2011,https://boxd.it/28b0,3
2026-02-07,X-Men: First Class,2011,https://boxd.it/FOA,3
2026-02-07,The Hangover Part II,2011,https://boxd.it/PZI,3
2026-02-07,Bad Teacher,2011,https://boxd.it/yXA,2.5
2026-02-07,Rio,2011,https://boxd.it/NKc,4
2026-02-07,Limitless,2011,https://boxd.it/Aly,3
2026-02-07,Tangled,2010,https://boxd.it/15gO,3
2026-02-07,Megamind,2010,https://boxd.it/16Sk,3
2026-02-07,Jackass 3D,2010,https://boxd.it/1KpM,3
2026-02-07,Scott Pilgrim vs. the World,2010,https://boxd.it/1Aq6,4.5
2026-02-07,Inception,2010,https://boxd.it/1skk,3
2026-02-07,Toy Story 3,2010,https://boxd.it/1WRe,3.5
2026-02-07,Despicable Me,2010,https://boxd.it/1DD8,3
2026-02-07,Get Him to the Greek,2010,https://boxd.it/1gyk,3
2026-02-07,How to Train Your Dragon,2010,https://boxd.it/1WRy,3
2026-02-07,Cyrus,2010,https://boxd.it/14zA,3
2026-02-07,Sherlock Holmes,2009,https://boxd.it/1W2A,3.5
2026-02-07,Where the Wild Things Are,2009,https://boxd.it/1K0C,3.5
2026-02-07,Zombieland,2009,https://boxd.it/1En6,2.5
2026-02-07,Funny People,2009,https://boxd.it/1CRy,3
2026-02-07,The Hangover,2009,https://boxd.it/1GjK,3.5
2026-02-07,Lakeview Terrace,2008,https://boxd.it/1Qv2,2.5
2026-02-07,Step Brothers,2008,https://boxd.it/1SsE,3
2026-02-07,WALL·E,2008,https://boxd.it/1VEo,4.5
2026-02-07,Kung Fu Panda,2008,https://boxd.it/1Yws,3
2026-02-07,Iron Man,2008,https://boxd.it/28dA,4
2026-02-07,Baby Mama,2008,https://boxd.it/1ZQe,3.5
2026-02-07,Be Kind Rewind,2008,https://boxd.it/23Au,3.5
2026-02-07,Click,2006,https://boxd.it/1YVM,2.5
2026-02-07,Paris Je T'aime,2006,https://boxd.it/273a,3.5
2026-02-07,The Da Vinci Code,2006,https://boxd.it/2a3i,2
2026-02-07,Stages of Mourning,2004,https://boxd.it/7RbE,3
2026-02-07,Freaky Friday,2003,https://boxd.it/1WwK,3.5
2026-02-07,Elf,2003,https://boxd.it/1VyK,4
2026-02-07,Hulk,2003,https://boxd.it/27PS,2.5
2026-02-07,Ring,1998,https://boxd.it/26tw,3.5
2026-02-07,Shall We Dance?,1996,https://boxd.it/1UhS,3.5
2026-02-07,First Knight,1995,https://boxd.it/21zY,2
2026-02-07,Rumble in the Bronx,1995,https://boxd.it/1fi6,3.5
2026-02-07,The Lover,1992,https://boxd.it/1UU6,3
2026-02-07,UHF,1989,https://boxd.it/1SFI,3.5
2026-02-07,Dirty Dancing,1987,https://boxd.it/2baY,3
2026-02-07,The Structure of Crystal,1969,https://boxd.it/5bjs,4.5
2026-02-07,The Song of Styrene,1957,https://boxd.it/LPE,3
2026-02-07,Notorious,1946,https://boxd.it/2aDK,4
2026-02-07,Spellbound,1945,https://boxd.it/24Ji,3.5
2026-02-07,Rebecca,1940,https://boxd.it/2aQa,4
2026-02-07,The Wizard of Oz,1939,https://boxd.it/29Xu,4
2026-02-07,The Rules of the Game,1939,https://boxd.it/29Es,4
2026-02-07,The 39 Steps,1935,https://boxd.it/2aKc,4
2026-02-07,The Most Dangerous Game,1932,https://boxd.it/27Gc,3
2026-02-07,M,1931,https://boxd.it/29vq,4.5
2026-02-07,Westfront 1918,1930,https://boxd.it/2ODK,3.5
2026-02-07,Un Chien Andalou,1929,https://boxd.it/29Y8,3.5
2026-02-07,The Passion of Joan of Arc,1928,https://boxd.it/29DO,5
2026-02-07,Metropolis,1927,https://boxd.it/71a,5
2026-02-07,Pandora's Box,1929,https://boxd.it/29jE,4
2026-02-07,Nosferatu,1922,https://boxd.it/29TM,4.5
2026-02-07,The Passengers of the Night,2022,https://boxd.it/xPBi,4
2026-02-12,Cobra,1986,https://boxd.it/1XDM,3
2026-02-12,Judge Dredd,1995,https://boxd.it/1Yzm,2
2026-02-12,Men in Black,1997,https://boxd.it/2a0I,3
2026-02-12,Rambo III,1988,https://boxd.it/28TG,2
2026-02-12,Over the Top,1987,https://boxd.it/2852,2.5
2026-02-12,Life Is Beautiful,1997,https://boxd.it/29Wm,3
2026-02-12,Forrest Gump,1994,https://boxd.it/728,3.5
2026-02-12,Scent of a Woman,1992,https://boxd.it/1YAu,3
2026-02-12,Dead Poets Society,1989,https://boxd.it/2aSg,4
2026-02-12,Punch-Drunk Love,2002,https://boxd.it/20E4,4.5
2026-02-12,Strangers on a Train,1951,https://boxd.it/29tk,4
2026-02-12,Harry Potter and the Philosopher's Stone,2001,https://boxd.it/29QS,3
2026-02-12,The Nightmare Before Christmas,1993,https://boxd.it/1YzQ,3.5
2026-02-12,The Princess Diaries,2001,https://boxd.it/1XCO,3
2026-02-12,Coco,2017,https://boxd.it/bYJQ,3.5
2026-02-12,Let the Right One In,2008,https://boxd.it/1Qr0,4
2026-02-12,Amores Perros,2000,https://boxd.it/2bfu,4
2026-02-12,What's Eating Gilbert Grape,1993,https://boxd.it/28xg,3.5
2026-02-12,Jaws,1975,https://boxd.it/2a5e,4
2026-02-12,The Naked Gun: From the Files of Police Squad!,1988,https://boxd.it/18YE,3.5
2026-02-12,Chinatown,1974,https://boxd.it/29vU,4.5
2026-02-12,Kung Fu Hustle,2004,https://boxd.it/1YBi,3.5
2026-02-12,Ghost,1990,https://boxd.it/2aLE,3.5
2026-02-12,A Christmas Story,1983,https://boxd.it/29sw,3.5
2026-02-12,Carrie,1976,https://boxd.it/20ZQ,4
2026-02-12,Lady and the Tramp,1955,https://boxd.it/1Wv8,3.5
2026-02-12,Trading Places,1983,https://boxd.it/28sK,3.5
2026-02-12,Erin Brockovich,2000,https://boxd.it/2al2,4
2026-02-12,The Karate Kid,1984,https://boxd.it/27Wk,3.5
2026-02-12,8½,1963,https://boxd.it/2aqm,4
2026-02-12,Jumanji,1995,https://boxd.it/1ZLI,3
2026-02-12,My Own Private Idaho,1991,https://boxd.it/2ak4,3.5
2026-02-12,Garden State,2004,https://boxd.it/2asW,3
2026-02-12,Onibaba,1964,https://boxd.it/252a,4
2026-02-12,Withnail & I,1987,https://boxd.it/1Qa4,4
2026-02-12,Rififi,1955,https://boxd.it/29f8,4
2026-02-12,Field of Dreams,1989,https://boxd.it/26VK,3
2026-02-12,Coming to America,1988,https://boxd.it/1Ygu,3.5
2026-02-12,Interview with the Vampire,1994,https://boxd.it/29XO,3.5
2026-02-12,The Mummy,1999,https://boxd.it/2a7a,3.5
2026-02-12,Lilo & Stitch,2002,https://boxd.it/1TAY,3.5
2026-02-12,The Devil Wears Prada,2006,https://boxd.it/2awE,3.5
